id,ident,type,name,latitude_deg,longitude_deg,elevation_ft,continent,iso_country,iso_region,municipality,scheduled_service,gps_code,iata_code,local_code,home_link,wikipedia_link,keywords,score,last_updated
"#meta +id","#meta +code","#loc +airport +type","#loc +airport +name","#geo +lat","#geo +lon","#geo +elevation +ft","#region +continent +code","#country +code +iso2","#adm1 +code +iso","#loc +municipality +name","#status +scheduled","#loc +airport +code +gps","#loc +airport +code +iata","#loc +airport +code +local","#meta +url +airport","#meta +url +wikipedia","#meta +keywords","#meta +score","#date +updated"
67,AYPY,large_airport,"Port Moresby Jacksons International Airport",-9.443380355834961,147.22000122070312,146,OC,PG,PG-NCD,"Port Moresby",1,AYPY,POM,,,http://en.wikipedia.org/wiki/Jacksons_International_Airport,,1275,2008-12-30T09:28:14+00:00
56,AYGA,medium_airport,"Goroka Airport",-6.081689834590001,145.391998291,5282,OC,PG,PG-EHG,Goronka,1,AYGA,GKA,,,http://en.wikipedia.org/wiki/Goroka_Airport,,800,2011-07-03T17:55:00+00:00
71,AYWK,medium_airport,"Wewak International Airport",-3.58383011818,143.669006348,19,OC,PG,PG-ESW,Wewak,1,AYWK,WWK,,,http://en.wikipedia.org/wiki/Wewak_International_Airport,,800,2011-07-03T17:56:11+00:00
301840,BAJ,small_airport,"Bali Airport",-4.8833333333299995,149.133333333,90,OC,PG,PG-WBK,"Unea Island",0,,BAJ,BALI,,,,0,2012-06-26T00:52:52+00:00
57,AYGN,medium_airport,"Gurney Airport",-10.3114995956,150.333999634,88,OC,PG,PG-MBA,Gurney,1,AYGN,GUR,,,http://en.wikipedia.org/wiki/Gurney_Airport,,800,2011-07-03T17:53:13+00:00
59,AYHK,medium_airport,"Kimbe Airport",-5.462170124053955,150.40499877929688,66,OC,PG,PG-WBK,Hoskins,1,AYHK,HKN,,,http://en.wikipedia.org/wiki/Hoskins_Airport,,800,2008-06-13T14:30:04+00:00
61,AYKV,medium_airport,"Kavieng Airport",-2.57940006256,150.807998657,7,OC,PG,PG-NIK,Kavieng,1,AYKV,KVG,,,http://en.wikipedia.org/wiki/Kavieng_Airport,,800,2011-07-03T17:55:24+00:00
66,AYNZ,medium_airport,"Nadzab Airport",-6.569803,146.725977,239,OC,PG,PG-MPL,Lae,1,AYNZ,LAE,,,http://en.wikipedia.org/wiki/Lae_Nadzab_Airport,MFO,800,2016-02-13T15:14:35+00:00
62,AYMD,medium_airport,"Madang Airport",-5.20707988739,145.789001465,20,OC,PG,PG-MPM,Madang,1,AYMD,MAG,,,http://en.wikipedia.org/wiki/Madang_Airport,,800,2011-07-03T17:56:55+00:00
63,AYMH,medium_airport,"Mount Hagen Kagamuga Airport",-5.826789855957031,144.29600524902344,5388,OC,PG,PG-WHM,"Mount Hagen",1,AYMH,HGU,,,http://en.wikipedia.org/wiki/Mount_Hagen_Airport,,800,2008-06-13T14:30:04+00:00
69,AYVN,medium_airport,"Vanimo Airport",-2.6926,141.3028,10,OC,PG,PG-SAN,Vanimo,1,AYVN,VAI,,,http://en.wikipedia.org/wiki/Vanimo_Airport,,800,2016-02-12T11:34:18+00:00
70,AYWD,medium_airport,"Wapenamanda Airport",-5.6433000564575195,143.89500427246094,5889,OC,PG,PG-EPW,,1,AYWD,WBM,,,http://en.wikipedia.org/wiki/Wapenamanda_Airport,,800,2008-06-13T14:30:04+00:00
53,AYBK,medium_airport,"Buka Airport",-5.4223198890686035,154.67300415039062,11,OC,PG,PG-NSB,"Buka Island",1,AYBK,BUA,,,http://en.wikipedia.org/wiki/Buka_Airport,,800,2008-12-30T09:28:22+00:00
55,AYDU,medium_airport,"Daru Airport",-9.08675956726,143.207992554,20,OC,PG,PG-WPD,Daru,1,AYDU,DAU,,,http://en.wikipedia.org/wiki/Daru_Airport,,800,2011-07-03T17:53:49+00:00
60,AYKM,medium_airport,"Kerema Airport",-7.96361017227,145.770996094,10,OC,PG,PG-GPK,Kerema,1,AYKM,KMA,,,http://en.wikipedia.org/wiki/Kerema_Airport,,800,2011-07-03T17:55:49+00:00
54,AYCH,medium_airport,"Chimbu Airport",-6.024290084838867,144.9709930419922,4974,OC,PG,PG-CPK,Kundiawa,1,AYCH,CMU,,,http://en.wikipedia.org/wiki/Chimbu_Airport,,800,2008-06-13T14:30:04+00:00
65,AYMO,medium_airport,"Momote Airport",-2.06189,147.423996,12,OC,PG,PG-MRL,"Manus Island",1,AYMO,MAS,,,http://en.wikipedia.org/wiki/Momote_Airport,,800,2016-02-12T10:34:08+00:00
64,AYMN,medium_airport,"Mendi Airport",-6.14774,143.656998,5680,OC,PG,PG-SHM,Mendi,1,AYMN,MDU,,,http://en.wikipedia.org/wiki/Mendi_Airport,,800,2016-02-12T10:28:45+00:00
58,AYGR,medium_airport,"Girua Airport",-8.80453968048,148.309005737,311,OC,PG,PG-NPP,Popondetta,1,AYGR,PNP,,,http://en.wikipedia.org/wiki/Girua_Airport,,800,2011-07-03T17:54:27+00:00
68,AYTK,medium_airport,"Tokua Airport",-4.34045982361,152.380004883,32,OC,PG,PG-EBR,Tokua,1,AYTK,RAB,,,http://en.wikipedia.org/wiki/Rabaul_Airport,,800,2011-07-03T17:56:29+00:00
301674,PG-0003,small_airport,"Akwom Airstrip",-3.94,141.832777778,160,OC,PG,PG-SAN,,0,AYAC,,,,,,0,2013-12-09T23:56:49+00:00
307354,KPE,small_airport,"Yapsiei Airport",-4.6280555555600005,141.094166667,600,OC,PG,PG-SAN,,0,AYYP,KPE,YAP,,,,0,2014-03-18T23:41:09+00:00
307719,PG-0042,small_airport,"Gubil Airstrip",-4.883308,141.525381,2200,OC,PG,PG-SAN,Bufripmin/Usareimin,0,AYUB,,GBL,,,,0,2014-03-26T00:34:46+00:00
306954,MPX,small_airport,"Miyanmin Airport",-4.903055555560001,141.620833333,2500,OC,PG,PG-SAN,Miyanmin,0,AYIY,MPX,MIM,,,,0,2014-04-24T00:50:14+00:00
307121,SFU,small_airport,"Safia Airport",-9.59305555556,148.636111111,430,OC,PG,PG-NPP,Safia,0,AYSF,SFU,SFA,,,,0,2015-05-23T14:10:25+00:00
35179,PG-VMU,medium_airport,"Baimuru Airport",-7.49686002731,144.819900513,27,OC,PG,PG-GPK,Baimuru,1,AYBA,VMU,BMU,,http://en.wikipedia.org/wiki/Baimuru_Airport,,800,2012-11-17T00:14:15+00:00
35180,PG-OPU,medium_airport,"Balimo Airport",-8.05000019073,142.932998657,51,OC,PG,PG-WPD,Balimo,1,AYBM,OPU,BLI,,http://en.wikipedia.org/wiki/Balimo_Airport,,800,2012-11-17T00:30:30+00:00
30657,PG-ATP,small_airport,"Tadji Airport",-3.19819180354,142.430963516,33,OC,PG,PG-SAN,Aitape,1,AYTJ,TAJ,TAD,,http://en.wikipedia.org/wiki/Tadji_Airport,,450,2012-11-23T19:00:46+00:00
31542,PG-GMI,small_airport,"Gasmata Island Airport",-6.27111005783,150.330993652,23,OC,PG,PG-WBK,"Gasmata Island",1,AYGT,GMI,GMA,,http://en.wikipedia.org/wiki/Gasmata_Airport,,450,2012-11-20T02:13:40+00:00
35181,PG-IHU,small_airport,"Ihu Airport",-7.8975601196300005,145.395996094,70,OC,PG,PG-GPK,Ihu,1,AYIH,IHU,IHU,,http://en.wikipedia.org/wiki/Ihu_Airport,,450,2014-04-03T01:03:51+00:00
31693,PG-JAQ,small_airport,"Jacquinot Bay Airport",-5.65250015259,151.507003784,136,OC,PG,PG-EBR,"Jacquinot Bay",1,AYJB,JAQ,JCB,,http://en.wikipedia.org/wiki/Jacquinot_Bay_Airport,,450,2014-08-21T03:35:53+00:00
35182,PG-KUY,small_airport,"Kamusi Airport",-7.420347,143.121811,97,OC,PG,PG-WPD,Kamusi,1,AYKS,KUY,KSI,,http://en.wikipedia.org/wiki/Kamusi_Airport,,450,2013-05-04T00:00:50+00:00
35183,PG-KDR,small_airport,"Kandrian Airport",-6.19217,149.54783,280,OC,PG,PG-WBK,Kandrian,1,AYKC,KDR,KDR,,http://en.wikipedia.org/wiki/Kandrian_Airport,,450,2015-01-27T12:14:45+00:00
35184,AYKK,small_airport,"Kikori Airport",-7.424379825592041,144.2500762939453,50,OC,PG,PG-GPK,Kikori,1,AYKK,KRI,,,,,450,2008-12-30T09:28:01+00:00
35185,AYKI,small_airport,"Kiunga Airport",-6.1257100105285645,141.28199768066406,88,OC,PG,PG-WPD,Kiunga,1,AYKI,UNG,,,http://en.wikipedia.org/wiki/Kiunga_Airport,,450,2008-12-30T09:28:46+00:00
35186,PG-KKD,small_airport,"Kokoda Airport",-8.88467884064,147.730957031,1240,OC,PG,PG-NPP,Kokoda,1,AYKO,KKD,KOK,,http://en.wikipedia.org/wiki/Kokoda_Airport,,450,2013-01-24T07:57:48+00:00
35187,PG-LMY,small_airport,"Lake Murray Airport",-7.00992012024,141.494003296,52,OC,PG,PG-WPD,"Lake Murray",1,AYLM,LMY,LKM,,http://en.wikipedia.org/wiki/Lake_Murray_Airport,,450,2013-01-24T08:14:52+00:00
31837,AYKY,small_airport,"Londolovit Airport",-3.04361009598,152.628997803,167,OC,PG,PG-NIK,Londolovit,1,AYKY,LNV,,,http://en.wikipedia.org/wiki/Lihir_Island_Airport,"Lihir Island, Kunaye",450,2012-07-23T00:26:25+00:00
35188,AYKA,small_airport,"Losuia Airport",-8.505820274353027,151.08099365234375,27,OC,PG,PG-MBA,Losuia,1,AYKA,LSA,,,http://en.wikipedia.org/wiki/Losuia_Airport,"Formerly Kiriwina Airport",450,2009-01-04T21:33:52+00:00
31911,AYMS,small_airport,"Misima Island Airport",-10.689200401299999,152.837997437,26,OC,PG,PG-MBA,"Misima Island",1,AYMS,MIS,,,http://en.wikipedia.org/wiki/Misima_Airport,,450,2012-09-17T13:43:54+00:00
31981,AYMR,small_airport,"Moro Airport",-6.36332988739,143.238006592,2740,OC,PG,PG-SHM,Moro,1,AYMR,MXH,,,http://en.wikipedia.org/wiki/Moro_Airport,,450,2012-09-17T13:53:01+00:00
31669,PG-IIS,small_airport,"Nissan Island Airport",-4.49972009659,154.225997925,52,OC,PG,PG-NSB,"Nissan Island",0,AYIA,IIS,NIS,,http://en.wikipedia.org/wiki/Nissan_Island_Airport,,450,2014-11-27T16:30:01+00:00
35189,PG-UKU,small_airport,"Nuku Airport",-3.676651,142.484334,870,OC,PG,PG-SAN,Nuku,1,AYNU,UKU,NUKU,,,,450,2012-12-12T00:43:33+00:00
35190,PG-OBX,small_airport,"Obo Airport",-7.590622421369999,141.324262619,29,OC,PG,PG-WPD,Obo,1,AYOB,OBX,OBO,,http://en.wikipedia.org/wiki/Obo_Airport_(Papua_New_Guinea),,450,2014-05-03T12:33:54+00:00
35191,PG-SKC,small_airport,"Suki Airport",-8.0466,141.7222,24,OC,PG,PG-WPD,Suki,1,AYSU,SKC,SUKI,,http://en.wikipedia.org/wiki/Suki_Airport,,450,2012-12-11T00:05:16+00:00
32425,AYTB,small_airport,"Tabubil Airport",-5.27861,141.225998,1570,OC,PG,PG-WPD,Tabubil,1,AYTB,TBG,,,https://en.wikipedia.org/wiki/Tabubil_Airport,,450,2018-09-16T03:17:03+00:00
32451,AYTA,small_airport,"Tari Airport",-5.84499979019,142.947998047,5500,OC,PG,PG-HE,Tari,1,AYTA,TIZ,,,,,450,2012-09-23T13:36:45+00:00
35192,PG-TFI,small_airport,"Tufi Airport",-9.07595443726,149.319839478,85,OC,PG,PG-NPP,Tufi,1,AYTU,TFI,TUFI,,http://en.wikipedia.org/wiki/Tufi_Airport,,450,2012-11-23T18:55:26+00:00
35193,PG-WPM,small_airport,"Wipim Airport",-8.788220405579999,142.882003784,173,OC,PG,PG-WPD,Wipim,1,AYXP,WPM,WPM,,http://en.wikipedia.org/wiki/Wipim_Airport,,450,2014-07-10T21:03:59+00:00
42760,PG-AKG,small_airport,"Anguganak Airport",-3.560504,142.217307,937,OC,PG,PG-SAN,Anguganak,0,AYGU,AKG,AGK,,,,50,2016-07-14T13:24:15+00:00
42763,PG-AWB,small_airport,"Awaba Airport",-8.00611019135,142.748352051,32,OC,PG,PG-WPD,Awaba,1,AYAW,AWB,AWB,,http://en.wikipedia.org/wiki/Awaba_Airport,,50,2012-11-17T00:04:14+00:00
42758,PG-HYF,small_airport,"Hayfields Airport",-3.69838,143.057902,466,OC,PG,PG-ESW,Bainyik,0,AYHF,HYF,HFD,,,,50,2014-03-30T14:02:18+00:00
30675,PG-BAA,small_airport,"Bialla Airport",-5.3305602073700005,151.007995605,51,OC,PG,PG-WBK,"Bialla, Matalilu, Ewase",0,AYBL,BAA,BIA,,,"Babu,",50,2014-03-13T12:47:36+00:00
42759,PG-KXR,closed,"Karoola Airport",-5.1431,154.5928,52,OC,PG,PG-NSB,"Buka Island",0,,KXR,,,,,50,2014-12-22T00:45:57+00:00
35147,PG-CVB,small_airport,"Chungribu Airport",-4.806620121,144.714996338,130,OC,PG,PG-MPM,Chungribu,0,AYCB,CVB,CBU,,,,50,2014-02-25T01:48:32+00:00
42761,PG-GVI,small_airport,"Green River Airport",-3.9022428989400004,141.170516968,281,OC,PG,PG-SAN,"Green River",0,AYGV,GVI,GRN,,,,50,2012-11-22T19:25:06+00:00
42764,PG-KWO,small_airport,"Kawito Airport",-7.977006912229999,142.823577881,72,OC,PG,PG-WPD,Kawito,0,AYKW,KWO,KWT,,,,50,2012-11-15T05:44:10+00:00
42762,PG-LMI,small_airport,"Lumi Airport",-3.47683951134,142.041292191,1750,OC,PG,PG-SAN,Lumi,0,AYLU,LMI,LUMI,,,,50,2013-01-24T08:48:48+00:00
32536,PG-ULE,small_airport,"Sule Airport",-4.974720001220703,151.2969970703125,100,OC,PG,PG-WBK,Sule,0,,ULE,,,,,50,2008-12-30T09:28:44+00:00
42765,PG-TFM,small_airport,"Telefomin Airport",-5.126080464149999,141.641921997,4950,OC,PG,PG-WPD,Telefomin,0,AYTE,TFM,TLF,,http://en.wikipedia.org/wiki/Telefomin_Airport,,50,2012-12-10T23:52:14+00:00
32459,PG-TLO,small_airport,"Tol Airport",-4.98083019257,152.009994507,49,OC,PG,PG-EBR,Tol,0,AYXO,TLO,TOL,,,,50,2014-06-26T13:22:31+00:00
307876,AYHA,small_airport,"Haia Airport",-6.707421,144.997398,2434,OC,PG,PG-CPK,,0,AYHA,,HAIA,,,,0,2012-11-12T23:40:48+00:00
301690,AZB,small_airport,"Amazon Bay Airport",-10.2991666667,149.338333333,12,OC,PG,PG-CPM,,0,,AZB,AZB,,,,0,2012-06-14T00:26:24+00:00
302215,RAX,small_airport,"Oram Airport",-9.632916666669997,148.048055556,3500,OC,PG,PG-CPM,,0,AYYO,RAX,ORAM,,,,0,2014-05-17T00:25:59+00:00
313790,AYUD,heliport,"Kais-Udave Helicopter landing site",-8.7819,147.2785,3300,OC,PG,PG-CPM,,0,AYUD,,,,,,0,2015-03-21T21:42:07+00:00
302208,CPI,small_airport,"Cape Orford Airport",-5.44833333333,152.081944444,20,OC,PG,PG-EBR,,0,,CPI,COF,,,,0,2012-07-28T15:19:43+00:00
311113,PG-0063,closed,"Kerevat Airfield",-4.3092,152.0122,50,OC,PG,PG-EBR,,0,,,,,http://en.wikipedia.org/wiki/Kerevat_Airfield,"Keravat, Karavat, Tavelo, Tavilo",0,2014-02-27T01:36:17+00:00
308114,PG-0046,small_airport,"Appa Airstrip",-6.516759,144.706808,3800,OC,PG,PG-EHG,,0,AYAP,,APPA,,,,0,2013-12-10T00:35:33+00:00
307585,YEQ,small_airport,"Yenkis(Yankisa) Airport",-5.10972222222,143.917666667,3692,OC,PG,PG-EPW,,0,AYYK,YEQ,YIS,,,,0,2014-03-18T23:44:43+00:00
307980,AYAQ,small_airport,"Kompiam Airport",-5.38166666667,143.924722222,5100,OC,PG,PG-EPW,,0,AYAQ,KPM,KOM,,,,0,2014-01-02T14:20:22+00:00
301676,AMF,small_airport,"Ama Airport",-4.10111111111,141.67,145,OC,PG,PG-ESW,,0,AYAA,AMF,AMA,,,,0,2013-12-10T00:02:24+00:00
301694,PG-0014,small_airport,"Anangalo Airstrip",-4.6,143.843472222,70,OC,PG,PG-ESW,,0,AYAR,,ALO,,,,0,2014-02-24T01:57:37+00:00
301810,PG-0025,small_airport,"Bisorio Airstrip",-4.72166666667,142.977222222,160,OC,PG,PG-ESW,,0,,,BSO,,,,0,2012-06-21T16:27:14+00:00
302161,PG-0029,small_airport,"Jangit Airstrip",-4.33666666667,144.480694444,30,OC,PG,PG-ESW,,0,,,JGT,,,,0,2012-07-22T10:06:07+00:00
302539,PG-0034,small_airport,"Malamaunda Airstrip",-4.91927777778,143.161416667,2350,OC,PG,PG-ESW,,0,,,MLD,,,,0,2012-08-23T14:59:26+00:00
315177,PG-0088,closed,"Kombot Airstrip",-3.486,142.704,2260,OC,PG,PG-ESW,,0,,,,,,,0,2015-08-14T22:59:13+00:00
307078,PG-0037,small_airport,"Purari Airstrip",-7.391111111110001,145.166519,90,OC,PG,PG-GPK,,0,,,PRI,,,,0,2012-09-09T16:57:20+00:00
301736,UAE,small_airport,"Mount Aue Airport",-6.23416666667,144.664722222,4250,OC,PG,PG-JI,,0,AYAE,UAE,AUE,,,,0,2013-12-10T01:30:31+00:00
301668,AUP,small_airport,"Agaun Airport",-9.930833,149.385667,3200,OC,PG,PG-MBA,,0,AYAG,AUP,AUN,,https://en.wikipedia.org/wiki/Agaun_Airport,,0,2016-06-01T06:11:25+00:00
301707,ARP,small_airport,"Aragip Airport",-9.88333333333,149.483333333,1750,OC,PG,PG-MBA,,0,,ARP,AGP,,,,0,2012-06-14T14:06:33+00:00
302209,CVL,small_airport,"Cape Vogel Airport",-9.67,150.019722222,20,OC,PG,PG-MBA,,0,,CVL,CVG,,,,0,2012-07-28T15:44:42+00:00
306973,PG-0035,small_airport,"Nowata Airport",-9.984166666669998,149.729166667,2040,OC,PG,PG-MBA,,0,,NWT,NTA,,,,0,2012-08-30T17:39:35+00:00
301800,BWJ,small_airport,"Bawan Airport",-6.396944444440001,146.881666667,4700,OC,PG,PG-MPL,,0,,BWJ,BWN,,,,0,2012-06-21T11:29:28+00:00
301874,BDZ,small_airport,"Baindoung Airport",-6.34722222222,146.942222222,4400,OC,PG,PG-MPL,,0,AYBG,BDZ,BDO,,,,0,2012-11-17T00:18:19+00:00
302155,KBM,small_airport,Kabwum,-6.15547222222,147.191472222,4450,OC,PG,PG-MPL,,0,AYKB,KBM,KBM,,,,0,2013-01-12T23:56:34+00:00
302387,LNM,small_airport,"Langimar Airport",-7.22313888889,146.227083333,5127,OC,PG,PG-MPL,,0,AYLN,LNM,LNM,,,,0,2015-02-28T14:55:06+00:00
302388,LNC,small_airport,"Lengbati Airport",-6.384611111110001,147.368638889,5750,OC,PG,PG-MPL,,0,AYLT,LNC,LNG,,,,0,2015-02-28T16:32:59+00:00
306980,OGE,small_airport,"Ogeranang Airport",-6.46675,147.364166667,5850,OC,PG,PG-MPL,,0,AYOG,OGE,OGN,,,,0,2012-12-11T23:58:35+00:00
307353,PGE,small_airport,"Yegepa Airport",-7.134444444440001,146.156388889,4179,OC,PG,PG-MPL,,0,,PGE,YEG,,,,0,2012-10-04T14:33:54+00:00
301705,AOB,small_airport,"Annanberg Airport",-4.90416666667,144.635833333,130,OC,PG,PG-MPM,,0,,AOB,ANB,,,,0,2012-06-14T13:20:33+00:00
310096,DAF,small_airport,"Daup Airport",-4.7403,145.9515,280,OC,PG,PG-MPM,,0,,DAF,DAUP,,,,0,2013-12-07T12:20:55+00:00
301652,AGL,small_airport,"Wanigela Airport",-9.3375,149.155555556,53,OC,PG,PG-NPP,,0,AYWG,AGL,WGL,,http://en.wikipedia.org/wiki/Wanigela_Airport,,0,2012-11-23T18:47:14+00:00
301665,AFR,small_airport,"Afore Airstrip",-9.142222222220001,148.390833333,2500,OC,PG,PG-NPP,,0,AYAF,AFR,AFE,,,,0,2013-12-09T23:47:56+00:00
301726,PG-0017,small_airport,"Asama Airstrip",-8.02333333333,147.271666667,1800,OC,PG,PG-NPP,,0,AYAS,,AAM,,,,0,2013-12-10T01:12:50+00:00
301727,APP,small_airport,"Asapa Airport",-8.97916666667,148.103611111,1930,OC,PG,PG-NPP,,0,,APP,APA,,,,0,2012-06-16T01:45:47+00:00
302093,DAO,small_airport,"Dabo Airport",-8.431944444440001,147.843055556,118,OC,PG,PG-NPP,,0,,DAO,DABO,,,,0,2012-07-19T01:12:55+00:00
302106,DDM,small_airport,"Dodoima Airport",-8.17736111111,147.809444444,75,OC,PG,PG-NPP,,0,,DDM,DDM,,,,0,2012-07-19T13:04:33+00:00
301666,PG-0001,small_airport,"Agali Airstrip",-5.344377463640001,142.214241028,2750,OC,PG,PG-SAN,,0,AYAL,,ALI,,,,0,2013-12-09T23:50:57+00:00
301807,BIZ,closed,"Bimin Airport",-5.28611111111,142.033055556,5775,OC,PG,PG-SAN,,0,,BIZ,BMN,,,,0,2012-06-21T15:08:16+00:00
301808,PG-0024,small_airport,"Wobagen Airstrip",-5.27472222222,142.034166667,6050,OC,PG,PG-SAN,,0,AYYB,,,,,,0,2014-03-18T23:35:50+00:00
308117,PG-0047,small_airport,"Arkosame Airstrip",-3.777177,142.622672,622,OC,PG,PG-SAN,,0,AYAV,,ARK,,,,0,2013-12-10T01:10:27+00:00
308213,AYBW,small_airport,"Blackwara Airport",-2.618211,141.091971,58,OC,PG,PG-SAN,,0,AYBW,,,,,,0,2013-01-13T09:17:06+00:00
308283,LNF,small_airport,"Munbil Airport",-4.855941,141.220165,3126,OC,PG,PG-SAN,,0,,LNF,MBL,,,,0,2013-02-21T20:31:39+00:00
307557,PG-0040,small_airport,"Kaibo Airstrip",-6.37111111111,143.1725,2880,OC,PG,PG-SHM,,0,,,KBO,,,,0,2012-10-20T20:13:20+00:00
301732,ASZ,small_airport,"Asirim Airport",-6.009722222220001,150.368611111,1050,OC,PG,PG-WBK,,0,,ASZ,ASM,,,,0,2012-06-16T13:34:44+00:00
302386,KUX,small_airport,"Kuyol Airport",-5.372361111110001,141.623888889,3290,OC,PG,PG-WPD,,0,AYUY,KUX,KYL,,,,0,2015-01-08T22:47:31+00:00
306998,AYPW,small_airport,"Panakawa Airport",-7.67205555556,143.124722222,42,OC,PG,PG-WPD,,0,AYPW,,,,,,0,2012-09-02T17:16:43+00:00
307082,AYRG,small_airport,"Rumginae Airport",-5.89722222222,141.271666667,160,OC,PG,PG-WPD,,0,AYRG,RMN,RMG,,,,0,2012-09-09T18:59:18+00:00
307595,AYSA,small_airport,"Suabi Airport",-6.10444444444,142.278333333,465,OC,PG,PG-WPD,,0,AYSA,SBE,SUA,,,,0,2012-10-25T15:06:34+00:00
307620,AYST,small_airport,"Sturt Island Airport",-8.1525,142.268444444,40,OC,PG,PG-WPD,,0,AYST,,STI,,,,0,2012-10-28T11:42:25+00:00
321987,ABW,closed,"Abau Airport",-10.1956,148.7389,10,OC,PG,PG-CPM,Abau,0,,ABW,,,https://en.wikipedia.org/wiki/Abau_Airport,,0,2017-01-27T21:30:58+00:00
313771,AOA,closed,"Aroa Airport",-9.0254,146.8,20,OC,PG,PG-CPM,Agevairu,0,,AOA,,,,,0,2015-02-06T20:45:04+00:00
301669,PG-0002,small_airport,"Agotu Airstrip",-6.5,145.241388889,5675,OC,PG,PG-EHG,Agotu,0,,,AGU,,,,0,2012-06-12T01:58:26+00:00
301654,AIH,small_airport,"Aiambak Airport",-7.342777777779999,141.2675,90,OC,PG,PG-WPD,Aiambak,0,AYAK,AIH,AMB,,http://en.wikipedia.org/wiki/Aiambak_Airport,,0,2013-12-09T23:55:06+00:00
46170,AIE,small_airport,"Aiome Airport",-5.145699978,144.7307003,350,OC,PG,PG-MPM,Aiome,0,AYAO,AIE,AIO,,http://en.wikipedia.org/wiki/Aiome_Airport,,0,2012-10-28T13:27:50+00:00
301672,ATP,small_airport,"Aitape Airport",-3.1436111111100002,142.346805556,10,OC,PG,PG-SAN,Aitape,1,AYAI,ATP,APE,,http://en.wikipedia.org/wiki/Aitape_Airport,,0,2012-10-28T13:33:54+00:00
301673,AYU,small_airport,"Aiyura Airport",-6.33805555556,145.904166667,5355,OC,PG,PG-EHG,"Aiyura Valley",0,AYAY,AYU,AYU,,http://en.wikipedia.org/wiki/Aiyura_Airport,"Ukarumpa, Onmuna",0,2012-11-17T00:09:46+00:00
301675,PG-0004,small_airport,"Ali Airstrip",-7.91666666667,142.339166667,80,OC,PG,PG-WPD,Ali,0,AYAH,,,,,,0,2013-12-10T00:01:16+00:00
317770,PG-0090,closed,"Turnbull Field",-10.301537,150.38575,100,OC,PG,PG-MBA,Alotau,0,,,,,https://en.wikipedia.org/wiki/Turnbull_Field,,0,2016-04-30T08:29:06+00:00
301689,AMU,small_airport,"Amanab Airport",-3.586,141.214333333,1307,OC,PG,PG-SAN,Amanab,0,AYAM,AMU,ANA,,,,0,2012-11-16T23:01:48+00:00
301757,KRJ,small_airport,"Karawari Airstrip",-4.59666666667,143.5225,70,OC,PG,PG-ESW,Amboin,0,AYQA,KRJ,KRR,,,"AMG, Amboin Airport",0,2014-09-13T14:48:13+00:00
301691,PG-0012,small_airport,"Ambua Airstrip",-5.96222222222,143.063888889,6600,OC,PG,PG-HE,"Ambua Lodge - Tari",0,AYAJ,,ABA,,,,0,2013-12-10T00:27:41+00:00
301692,PG-0013,small_airport,"Ambaluwa Airstrip",-5.72027777778,144.921111111,6568,OC,PG,PG-EHG,Ambulua,0,AYAB,,ABU,,,Ambullua,0,2014-09-13T17:23:20+00:00
301693,AUJ,small_airport,"Ambunti Airport",-4.21566666667,142.823166667,50,OC,PG,PG-ESW,Ambunti,0,AYAT,AUJ,AMI,,,,0,2012-11-16T23:56:57+00:00
310033,PG-0056,small_airport,"Asinuwa Airstrip",-7.0287,145.7678,5900,OC,PG,PG-EHG,Amjenuwa,0,AYWA,,,,,,0,2013-12-23T21:51:03+00:00
312794,AYGD,small_airport,"Gimi Airstrip",-6.6482,145.4003,5096,OC,PG,PG-EHG,Amusa,0,AYGD,,GIMI,,,,0,2014-08-30T00:33:22+00:00
301695,ADC,small_airport,"Andakombe Airport",-7.13722222222,145.744722222,3600,OC,PG,PG-EHG,Andekombe,0,AYAN,ADC,ADK,,http://en.wikipedia.org/wiki/Andakombe_Airport,,0,2012-11-16T23:06:09+00:00
312746,PG-0074,small_airport,"Angai Airstrip",-7.4021,145.7899,2575,OC,PG,PG-GPK,Angai,0,,,AGI,,,AGA,0,2014-08-23T13:21:29+00:00
301650,AGG,small_airport,"Angoram Airport",-4.05583333333,144.073888889,75,OC,PG,PG-ESW,Angoram,0,,AGG,ANG,,,,0,2012-06-10T14:37:44+00:00
301706,APR,small_airport,"April River Airport",-4.67666666667,142.540138889,220,OC,PG,PG-ESW,"April River",0,AYPE,APR,APR,,,,0,2013-12-23T20:30:09+00:00
301708,RAW,small_airport,"Arawa Airport",-6.220555555560001,155.571388889,20,OC,PG,PG-NSB,Arawa,0,,RAW,ARA,,,,0,2012-06-14T14:31:21+00:00
313144,PG-0077,closed,"Arisili Airstrip",-3.55,142.847,1350,OC,PG,PG-ESW,Arisili,0,,,,,,,0,2014-11-01T12:24:35+00:00
313167,PG-0079,small_airport,"Aro Airstrip",-7.991,147.24,2200,OC,PG,PG-MPL,Aro,0,,,ARO,,,,0,2014-11-06T17:54:11+00:00
310375,AYAU,small_airport,"Arou Airstrip",-5.4951,142.5137,4830,OC,PG,PG-HE,Arou,0,AYAU,,AROU,,,,0,2013-12-23T21:00:59+00:00
301725,PG-0016,small_airport,"Arufi Airstrip",-8.75388888889,141.911388889,80,OC,PG,PG-WPD,Arufi,0,AYRF,,ARU,,,,0,2013-12-28T23:33:23+00:00
299319,AEK,small_airport,"Aseki Airport",-7.35080485552,146.19386673,4106,OC,PG,PG-MPL,Aseki,0,AYAX,AEK,ASE,,,,0,2013-12-10T01:15:40+00:00
301728,PG-0018,small_airport,"Asimba Airstrip",-8.605,147.591944444,1170,OC,PG,PG-NPP,Asimba,0,AYAZ,,ASB,,,,0,2013-12-23T21:31:28+00:00
301734,PG-0019,small_airport,"Assengseng Airstrip",-6.023611111110001,149.785833333,1550,OC,PG,PG-WBK,Assengseng,0,AYSN,,ASN,,,,0,2013-12-23T22:03:33+00:00
301645,ABP,small_airport,"Atkamba Airport",-6.0655555555600005,141.095277778,150,OC,PG,PG-WPD,"Atkamba Mission",0,,ABP,AKA,,http://en.wikipedia.org/wiki/Atkamba_Airport,,0,2012-06-16T14:41:20+00:00
308005,AYGG,small_airport,"Garasa Airport",-7.980713,147.213461,2539,OC,PG,PG-MPL,Au,0,AYGG,GRL,GSA,,,,0,2012-11-20T01:59:10+00:00
301735,AUI,small_airport,"Aua Island Airport",-1.46055555556,143.064722222,4,OC,PG,PG-MRL,"Aua Island",0,AYND,AUI,AUA,,,,0,2014-07-06T00:28:41+00:00
301737,AUV,small_airport,"Aumo Airport",-5.731111111110001,148.445277778,450,OC,PG,PG-WBK,Aumo,0,AYUM,AUV,AUMO,,,,0,2013-12-24T04:48:29+00:00
310034,PG-0057,small_airport,"Auwi Airstrip",-5.51,142.6392,5155,OC,PG,PG-HE,Auwi,0,AYUW,,AUWI,,,,0,2013-12-24T04:52:13+00:00
313134,AWR,closed,"Awar Airport",-4.124,144.853,35,OC,PG,PG-MPM,Awar,0,,AWR,,,,,0,2014-10-30T13:03:57+00:00
310035,PG-0058,small_airport,"Aziana Airstrip",-6.7495,145.8535,4250,OC,PG,PG-EHG,"Aziana Mission",0,,,AZA,,,,0,2013-11-28T02:55:54+00:00
302540,MKN,small_airport,"Malekolon Airport",-4.02343055556,153.657277778,5,OC,PG,PG-NIK,"Babase Island",0,AYMV,MKN,MKO,,,"Feni Islands",0,2014-11-30T01:58:57+00:00
313773,PG-0081,closed,"Babmo Airstrip",-3.7888,142.9552,290,OC,PG,PG-ESW,"Babmo Mission",0,,,,,,Babmu,0,2015-02-06T23:16:14+00:00
310036,PG-0059,small_airport,"Baina Airstrip",-6.8918,143.6818,215,OC,PG,PG-GPK,Baina,0,AYBN,,BNA,,,,0,2013-12-29T00:08:07+00:00
310434,AYBB,small_airport,"Bak Airstrip",-5.2685,142.097,5440,OC,PG,PG-SAN,Bak,0,AYBB,,BAK,,,,0,2013-12-29T00:41:23+00:00
301858,BCP,small_airport,"Bambu Airport",-5.863611111110001,146.4925,6790,OC,PG,PG-MPM,Bambu,0,AYBC,BCP,BAM,,,,0,2013-12-29T01:00:05+00:00
302044,BMZ,small_airport,"Bamu Airport",-7.8485,143.2433,50,OC,PG,PG-WPD,Bamu,0,AYBF,BMZ,BAMU,,,,0,2013-12-29T01:31:34+00:00
308077,PG-0045,small_airport,"Bank Airstrip",-5.364495,144.689805,3953,OC,PG,PG-MPM,Bank,0,AYBJ,,BANK,,,,0,2013-12-29T01:42:37+00:00
313293,BNZ,closed,"Banz Airport",-5.807,144.623,5150,OC,PG,PG-JI,Banz,0,,BNZ,,,,,0,2014-11-29T15:10:47+00:00
301792,PG-0020,small_airport,"Bapi Airstrip",-7.743611111110001,147.020555556,2930,OC,PG,PG-MPL,Bapi,0,AYBP,BPD,BAPI,,,,0,2013-12-29T01:56:06+00:00
312501,PG-0073,small_airport,"Basikuna Airstrip",-6.4445,155.6832,1870,OC,PG,PG-NSB,Basikuna,0,,,BAK,,,,0,2014-07-18T20:24:30+00:00
310529,AYBT,small_airport,"Batri Airstrip",-6.5522,143.9441,4510,OC,PG,PG-SHM,Batri,0,AYBT,,BTR,,,,0,2014-01-03T22:10:05+00:00
310531,AYBS,small_airport,"Begesin Airstrip",-5.3889,145.4472,980,OC,PG,PG-MPM,Begesin,0,AYBS,,BGI,,,"BEG, Bagasin",0,2014-12-15T01:09:43+00:00
301802,BSP,small_airport,"Bensbach Airport",-8.85805555556,141.259444444,30,OC,PG,PG-WPD,Bensbach,0,AYBH,BSP,BEN,,http://en.wikipedia.org/wiki/Bensbach_Airport,,0,2014-01-03T23:19:54+00:00
312756,BEA,closed,"Bereina Airport",-8.64,146.5083,58,OC,PG,PG-CPM,"Bereina Mission",0,,BEA,,,,Inauaia,0,2014-08-24T15:02:10+00:00
301803,BWP,small_airport,"Bewani Airport",-3.0216666666700003,141.165277778,550,OC,PG,PG-SAN,Bewani,0,AYBI,BWP,BEW,,,,0,2014-01-05T17:51:54+00:00
301804,PG-0022,small_airport,"Biangabip Airport",-5.526388888890001,141.744583333,1069,OC,PG,PG-WPD,Biangabip,0,AYBQ,BPK,BIP,,,,0,2014-01-05T18:10:04+00:00
311258,AYBR,small_airport,"Biaru Airport",-7.6693,146.7594,4900,OC,PG,PG-MPL,Biaru,0,AYBR,BRP,BRU,,,,0,2014-03-13T13:42:43+00:00
301805,PG-0023,small_airport,"Bili Airstrip",-5.66722222222,151.099444444,2600,OC,PG,PG-WBK,Bili,0,AYIL,,BILI,,,,0,2014-01-05T18:19:54+00:00
312757,BIJ,closed,"Biliau Airport",-5.578,146.339,50,OC,PG,PG-MPM,Biliau,0,,BIJ,,,,,0,2014-08-24T18:08:00+00:00
301809,XBN,small_airport,"Biniguni Airport",-9.6425,149.303888889,215,OC,PG,PG-NPP,Biniguni,0,AYBZ,XBN,BNI,,,,0,2014-01-05T18:26:27+00:00
312758,BNV,closed,"Boana Airport",-6.433,146.825,2950,OC,PG,PG-MPL,Boana,0,,BNV,,,,,0,2014-08-24T18:35:50+00:00
312780,BOV,small_airport,"Boang Airport",-3.3834,153.2812,85,OC,PG,PG-NIK,"Boang Island",0,,BOV,BOG,,,,0,2014-08-28T16:07:37+00:00
301975,BNM,small_airport,"Bodinumu Airport",-9.107777777779999,147.666722222,3700,OC,PG,PG-CPM,Bodinumu,0,AYBD,BNM,BNU,,,,0,2014-03-13T12:15:38+00:00
301976,PG-0026,small_airport,"Boikoa Airstrip",-7.038611111110001,145.734166667,4816,OC,PG,PG-MPL,Boikoa,0,AYOI,,BOK,,,,0,2014-01-05T18:44:48+00:00
312759,BOQ,closed,"Boku Airport",-6.5427,155.3419,225,OC,PG,PG-NSB,Boku,0,,BOQ,,,,,0,2014-08-24T21:06:48+00:00
311040,BVP,closed,"Bolovip Airstrip",-5.3633,141.655,4990,OC,PG,PG-WPD,Bolovip,0,,BVP,,,,Bolobip,0,2014-08-24T19:44:51+00:00
302041,BMH,small_airport,"Bomai Airport",-6.37316666667,144.637,3300,OC,PG,PG-CPK,Bomai,0,AYBO,BMH,BOM,,,,0,2014-01-05T18:51:17+00:00
301979,BOT,small_airport,"Bosset Airport",-7.237257,141.1063222,80,OC,PG,PG-WPD,Bosset,1,AYET,BOT,BST,,http://en.wikipedia.org/wiki/Bosset_Airport,Boset,0,2017-11-05T10:18:31+00:00
301980,PG-0028,small_airport,"Boure Airstrip",-9.617916666669998,148.745833333,530,OC,PG,PG-NPP,Boure,0,AYBE,,BRE,,,,0,2014-01-08T00:17:22+00:00
311075,PG-0060,small_airport,"Bu'u Airstrip",-7.4011,145.8149,3950,OC,PG,PG-GPK,Bu'u,0,AYUU,,BUU,,,,0,2015-03-21T21:22:58+00:00
301982,UBI,small_airport,"Buin Airport",-6.72916666667,155.683333333,230,OC,PG,PG-NSB,Buin,0,AYUI,UBI,BUIN,,http://en.wikipedia.org/wiki/Buin_Airport,"Kara Airfield, Toripoil Airfield",0,2014-02-24T00:33:53+00:00
46177,FIN,small_airport,"Finschhafen Airport",-6.621750109,147.85405,60,OC,PG,PG-MPL,Buki,0,AYFI,FIN,FIN,,http://en.wikipedia.org/wiki/Finschhafen_Airport,,0,2012-11-08T23:06:24+00:00
328819,PG-0092,closed,"Bulldog Airfield",-7.79753,146.444253,100,OC,PG,PG-GPK,Bulldog,0,,,,,,,0,2018-07-23T23:14:01+00:00
46171,BUL,small_airport,"Bulolo Airport",-7.216286671410001,146.649541855,2240,OC,PG,PG-MPL,Bulolo,0,AYBU,BUL,BUO,,http://en.wikipedia.org/wiki/Bulolo_Airport,,0,2012-11-17T00:34:35+00:00
311077,AYXB,small_airport,"Buluwo Airstrip",-3.6753,142.0151,600,OC,PG,PG-SAN,Buluwo,0,AYXB,,BWO,,,,0,2014-02-24T01:26:32+00:00
311079,AYUN,small_airport,"Bunam Airstrip",-4.6564,144.2517,48,OC,PG,PG-ESW,Bunam,0,AYUN,,BNM,,,,0,2014-02-24T01:50:28+00:00
302046,BNT,small_airport,"Bundi Airport",-5.742222222220001,145.2275,4400,OC,PG,PG-MPM,Bundi,0,AYDI,BNT,BDI,,,,0,2014-02-24T02:16:28+00:00
311082,AYUT,small_airport,"Bunguwat Airstrip",-6.005,146.7205,5740,OC,PG,PG-MPL,Bunguwat,0,AYUT,,BWT,,,,0,2014-02-24T02:35:38+00:00
310095,BXZ,small_airport,"Bunsil Airport",-5.7243,147.8667,201,OC,PG,PG-MPL,"Bunsil - Umboi Island",0,AYNS,BXZ,BSL,,,"Bonsil Airport",0,2014-01-05T19:21:30+00:00
311089,AYIN,small_airport,"Busilmin Airstrip",-4.9166,141.1548,5450,OC,PG,PG-SAN,Busilmin,0,AYIN,,BSM,,,,0,2014-02-24T23:38:03+00:00
46172,CGC,small_airport,"Cape Gloucester Airport",-5.458965,148.432417,78,OC,PG,PG-WBK,"Cape Gloucester",0,AYCG,CGC,CPG,,http://en.wikipedia.org/wiki/Cape_Gloucester_Airport,,0,2016-06-01T07:49:29+00:00
46173,PG-0005,small_airport,"Cape Rodney Airport",-10.179823004,148.379030228,22,OC,PG,PG-CPM,"Cape Rodney",0,,CPN,CPR,,,,0,2014-04-27T14:02:15+00:00
311116,AYDO,small_airport,"Doini Airport",-10.7009,150.7218,31,OC,PG,PG-MBA,"Castori Islets",0,AYDO,DOI,DOI,,,,0,2014-02-27T02:45:33+00:00
302211,PG-0032,small_airport,"Dahamo Airstrip",-5.753194444440001,141.993611111,460,OC,PG,PG-WPD,"Dahamo Village",0,AYDA,,DMO,,,,0,2014-02-25T22:48:39+00:00
302109,DGG,closed,"Fishermans Airfield",-9.5128,147.0505,24,OC,PG,PG-CPM,"Daugo Island",0,,DGG,,,http://en.wikipedia.org/wiki/Fishermans_Airfield,,0,2014-08-29T23:24:14+00:00
302094,DBP,small_airport,"Debepare Airport",-6.30861111111,141.905555556,360,OC,PG,PG-WPD,Debepare,0,AYDB,DBP,DBP,,,Debepari,0,2014-02-25T23:45:28+00:00
313974,AYES,small_airport,"Meselia Airport",-6.1364,149.1183,180,OC,PG,PG-WBK,Demgulu,0,AYES,MFZ,,,,"Mesalia, Mesilia",0,2015-03-04T02:12:18+00:00
307905,KEG,small_airport,"Keglsugl Airport",-5.83277777778,145.097222222,8400,OC,PG,PG-CPK,"Denglagu Mission",0,AYLG,KEG,KEG,,,,0,2014-11-15T00:57:57+00:00
302107,DER,small_airport,"Derim Airport",-6.14472222222,147.107222222,4850,OC,PG,PG-MPL,Derim,0,AYDE,DER,DEM,,,,0,2012-11-17T00:46:45+00:00
311102,AYDW,small_airport,"Dewara Airstrip",-8.3802,142.4475,25,OC,PG,PG-WPD,Dewara,0,AYDW,,DWR,,,,0,2014-02-26T00:07:55+00:00
311104,AYDQ,small_airport,"Dimisisi Airstrip",-8.6298,142.2162,166,OC,PG,PG-WPD,Dimisisi,0,AYDQ,,DIM,,,,0,2014-02-26T00:43:23+00:00
311110,AYDN,small_airport,"Dinangat Airport",-6.1546,146.6772,5309,OC,PG,PG-MPL,Dinangat,0,AYDN,DNU,DIN,,,Diningat,0,2014-02-27T00:00:13+00:00
312960,DOS,closed,"Dios Airport",-5.5609,154.9616,335,OC,PG,PG-NSB,Dios,0,,DOS,,,,,0,2014-09-28T01:19:30+00:00
311114,AYDD,small_airport,"Dobu Airstrip",-6.6305,144.6383,3115,OC,PG,PG-CPK,Dobu,0,AYDD,,DOBU,,,,0,2014-02-27T02:03:15+00:00
311115,PG-0064,small_airport,"Dodomona Airstrip",-6.2437,142.6158,1910,OC,PG,PG-WPD,Dodomona,0,,,DMN,,,DMA,0,2014-02-27T02:24:01+00:00
312796,PG-0075,closed,"Dona Airstrip",-7.8465,147.6518,65,OC,PG,PG-MPL,Dona,0,,,,,,,0,2014-08-30T16:06:30+00:00
308061,DOO,small_airport,"Dorobisoro Airport",-9.461855,147.920907,1767,OC,PG,PG-CPM,Dorobisoro,0,AYDR,DOO,DOR,,,,0,2014-02-27T03:05:36+00:00
312809,DPU,closed,"Dumpu Airport",-5.858,145.705,870,OC,PG,PG-MPM,Dumpu,0,,DPU,,,,,0,2014-09-01T13:45:16+00:00
308056,PG-0044,small_airport,"Duranmin Airstrip",-4.973205,141.908161,3890,OC,PG,PG-SAN,Duranmin,0,AYDM,,DUR,,,,0,2014-02-28T22:11:33+00:00
308051,AYDS,small_airport,"Dusin Airport",-5.184135,144.411965,6300,OC,PG,PG-MPM,Dusin,0,AYDS,,DUS,,,,0,2012-11-27T01:02:55+00:00
302537,EFG,small_airport,"Efogi Airport",-9.15380555556,147.659805556,3900,OC,PG,PG-CPM,Efogi,0,AYEF,EFG,EFO,,http://en.wikipedia.org/wiki/Efogi_Airport,,0,2014-02-28T22:21:37+00:00
311130,AYEM,small_airport,"Eleme Airstrip",-4.8141,143.9103,233,OC,PG,PG-ESW,Eleme,0,AYEM,,ELM,,,,0,2014-02-28T22:42:26+00:00
311132,AYEL,small_airport,"Eliptamin Airport",-5.0412,141.6779,4825,OC,PG,PG-SAN,Eliptamin,0,AYEL,EPT,ELP,,,,0,2014-02-28T23:17:48+00:00
311134,AYEU,small_airport,"Eloaua Airstrip",-1.5601,149.6318,25,OC,PG,PG-NIK,"Eloaua Island",0,AYEU,,ELO,,,,0,2014-03-01T00:10:05+00:00
311135,AYEB,small_airport,"Embessa Airport",-9.447,148.7628,131,OC,PG,PG-NPP,Embessa,0,AYEB,EMS,EMB,,,,0,2014-03-01T00:28:40+00:00
46174,PG-0006,small_airport,"Emirau Airport",-1.653949991,149.9757667,172,OC,PG,PG-NIK,"Emirau Island",0,AYEE,EMI,ERU,,http://en.wikipedia.org/wiki/Emirau_Airport,,0,2014-03-06T20:11:42+00:00
311200,AYEO,small_airport,"Emo River Airstrip",-9.1234,148.0415,2240,OC,PG,PG-NPP,"Emo Mission",0,AYEO,EMO,EMO,,,,0,2014-03-06T20:29:54+00:00
311202,AYEN,small_airport,"Engati Airstrip",-6.9179,146.1053,3715,OC,PG,PG-MPL,Engati,0,AYEN,EGA,EGT,,,,0,2014-03-06T20:52:48+00:00
46175,PG-0007,small_airport,"Erave Airport",-6.60646315446,143.900213242,3650,OC,PG,PG-SHM,Erave,0,AYEV,ERE,ERV,,,,0,2014-03-07T00:39:09+00:00
311205,AYER,small_airport,"Erume Airport",-8.2538,146.9747,6690,OC,PG,PG-CPM,Erume,0,AYER,ERU,EME,,,,0,2014-03-07T01:04:52+00:00
46176,PG-0008,small_airport,"Esa'ala Airport",-9.874327023180001,150.954208374,10,OC,PG,PG-MBA,Esa'ala,0,,ESA,ESA,,,,0,2012-11-09T15:28:38+00:00
307150,FNE,small_airport,"Fane Airport",-8.54927777778,147.085833333,4500,OC,PG,PG-CPM,"Fane Mission",0,AYFA,FNE,FANE,,http://en.wikipedia.org/wiki/Fane_Airport,,0,2012-11-22T18:53:52+00:00
307247,AYWT,small_airport,"Woitape Airport",-8.54583333333,147.2525,5200,OC,PG,PG-CPM,"Fatima Mission",1,AYWT,WTP,WTP,,http://en.wikipedia.org/wiki/Woitape_Airport,,0,2012-09-23T23:40:59+00:00
311370,AYFE,small_airport,"Feramin Airport",-5.208,141.6988,4655,OC,PG,PG-SAN,Feramin,0,AYFE,FRQ,FMN,,,Feranmin,0,2014-03-20T01:21:15+00:00
311372,PG-0065,small_airport,"Fiyak Airstrip",-4.6771,141.5666,347,OC,PG,PG-SAN,Fiyak,0,,,FYK,,,Fiak,0,2014-03-20T01:49:36+00:00
311373,AYFO,small_airport,"Fogomaiu Airstrip",-6.5096,143.0794,737,OC,PG,PG-SHM,Fogomaiu,0,AYFO,,FGM,,,"Fogoma'iu, Fogomaio",0,2014-03-20T02:18:55+00:00
311374,AYFK,small_airport,"Foroko Airstrip",-5.3283,144.8944,412,OC,PG,PG-MPM,Foroko,0,AYFK,,FRO,,,,0,2014-03-20T02:40:54+00:00
307757,AYFR,small_airport,"Frieda River Airport",-4.610468,141.960138,217,OC,PG,PG-ESW,"Frieda River",0,AYFR,FAQ,FRR,,http://en.wikipedia.org/wiki/Frieda_River_Airport,,0,2012-11-09T15:12:05+00:00
311347,AYFS,small_airport,"Fas Airstrip",-3.1983,141.472,1219,OC,PG,PG-SAN,Fugari,0,AYFS,,FAS,,,,0,2014-03-19T00:28:27+00:00
312835,FUB,small_airport,"Fulleborn Airport",-6.1518,150.6264,36,OC,PG,PG-EBR,Fulleborn,0,,FUB,FUL,,,,0,2014-09-06T18:28:49+00:00
311384,AYFU,small_airport,"Fuma Airport",-6.3933,142.4408,466,OC,PG,PG-WPD,Fuma,0,AYFU,FUM,FUMA,,,,0,2014-03-20T14:08:40+00:00
46178,PG-0009,small_airport,"Garaina Airport",-7.875625027460001,147.141265869,2497,OC,PG,PG-MPL,Garaina,0,AYGI,GAR,GNA,,,,0,2012-11-20T02:54:36+00:00
319533,AYIX,small_airport,"Witu Airport",-4.689522,149.440112,25,OC,PG,PG-WBK,"Garove Island",0,AYIX,WIU,WITU,,,,0,2016-07-16T22:04:59+00:00
319725,GRH,closed,"Garuahi Airport",-10.225149,150.487667,50,OC,PG,PG-MBA,Garuahi,0,,GRH,,,,"Taupota Mission",0,2016-07-30T20:05:57+00:00
311386,AYGS,small_airport,"Gasuke Airport",-6.1028,141.7393,157,OC,PG,PG-WPD,Gasuke,0,AYGS,GBC,GSK,,,,0,2014-03-20T15:12:21+00:00
311413,AYGQ,small_airport,"Gawa Airstrip",-5.259,142.233,6500,OC,PG,PG-SAN,Gawa,0,AYGQ,,GAWA,,,,0,2014-03-24T00:01:20+00:00
311415,AYGE,small_airport,"Geigorobi Airstrip",-4.1055,143.3056,74,OC,PG,PG-ESW,Geigorobi,0,AYGE,,GEI,,,,0,2014-03-24T00:26:18+00:00
311417,AYGM,small_airport,"Gema Airstrip",-6.8032,145.7756,1675,OC,PG,PG-EHG,Gema,0,AYGM,,GEMA,,,,0,2014-03-24T00:46:55+00:00
309161,GEW,small_airport,"Gewoia Airport",-9.2263,148.4949,340,OC,PG,PG-NPP,Gewoia,0,AYGC,GEW,GEW,,,"Gewoya Airstrip",0,2014-03-24T01:03:15+00:00
311420,PG-0067,small_airport,"Giramben Airstrip",-5.7835,144.5568,5128,OC,PG,PG-JI,Giramben,0,,,GBN,,,Girambin,0,2014-03-24T01:28:27+00:00
312857,GWN,closed,"Gnarowein Airport",-6.555,146.248,525,OC,PG,PG-MPL,Gnarowein,0,,GWN,,,,,0,2014-09-11T14:36:01+00:00
46179,PG-0010,small_airport,"Gobe Airport",-6.8782,143.7219,194,OC,PG,PG-SHM,Gobe,0,AYGB,,GOBE,,,,0,2015-02-07T13:05:15+00:00
311426,AYGO,small_airport,"Gokto Airstrip",-4.9136,144.49,259,OC,PG,PG-MPM,Gokto,0,AYGO,,GTO,,,,0,2014-03-25T00:33:45+00:00
46180,PG-0011,small_airport,"Gonaili Airport",-5.527716614,151.5733333,40,OC,PG,PG-EBR,Gonaili,0,AYGL,GOE,GON,,,"Gonali, Gonalia",0,2014-03-25T01:02:45+00:00
309180,GOC,small_airport,"Gora Airstrip",-9.0021,148.2364,2497,OC,PG,PG-NPP,Gora,0,AYGX,GOC,GORA,,,,0,2014-03-25T00:44:59+00:00
311430,AYGF,small_airport,"Guari Airport",-8.1286,146.8722,6450,OC,PG,PG-CPM,Guari,0,AYGF,GUG,GAI,,,,0,2014-03-25T01:21:11+00:00
311431,AYGY,small_airport,"Guavi Airstrip",-6.87,142.7537,303,OC,PG,PG-WPD,Guavi,0,AYGY,,,,,,0,2014-03-25T01:41:34+00:00
307729,PG-0043,small_airport,"Gubam Airstrip",-8.608765,141.919638,120,OC,PG,PG-WPD,Gubam,0,AYGZ,,,,,,0,2014-03-26T00:23:00+00:00
311439,AYGH,small_airport,"Guhu Airstrip",-5.6957,146.1116,3,OC,PG,PG-MPM,Guhu,0,AYGH,,GUHU,,,,0,2014-03-26T00:48:05+00:00
309179,GLP,small_airport,"Gulgubip Airport",-5.2808,141.5411,4900,OC,PG,PG-WHM,Gulgubip,0,AYUP,GLP,GUP,,,,0,2014-03-26T01:03:14+00:00
308223,KRU,small_airport,"Kerau Airport",-8.271612,147.071899,7360,OC,PG,PG-CPM,Gunim,0,AYEA,KRU,KEU,,,,0,2014-04-18T16:46:11+00:00
308224,GUE,small_airport,"Guriaso (Keraso) Airport",-3.583167,141.5895,400,OC,PG,PG-SAN,Guriaso,0,,GUE,KSO,,,Kiraso,0,2013-01-24T07:49:30+00:00
307709,AYGP,small_airport,"Gusap Airport",-6.053196,145.959047,1504,OC,PG,PG-GPK,Gusap,0,AYGP,GAP,GSP,,http://en.wikipedia.org/wiki/Gusap_Airport,,0,2012-11-04T14:33:57+00:00
308212,AYGW,small_airport,"Guwasa Airport",-6.465838,145.083968,4800,OC,PG,PG-EHG,Guwasa,0,AYGW,,,,,,0,2013-01-12T23:41:43+00:00
316543,AYNA,small_airport,"Nankina Airport",-5.837,146.4533,5800,OC,PG,PG-MPM,Gwarawon,0,AYNA,NKN,NKN,,,,0,2015-12-13T13:32:30+00:00
311468,AYHB,small_airport,"Habi Airport",-6.32,142.4893,993,OC,PG,PG-WPD,Habi,0,AYHB,HBD,HABI,,,,0,2014-03-29T13:23:07+00:00
311508,AYHN,small_airport,"Habina Airstrip",-6.6671,146,6200,OC,PG,PG-EHG,Habina,0,AYHN,,HAA,,,,0,2014-09-21T14:41:39+00:00
307695,HEO,small_airport,"Haelogo Airport",-9.13658,147.598434,3217,OC,PG,PG-CPM,Haelogo,0,AYHG,HEO,HLG,,http://en.wikipedia.org/wiki/Haelogo_Airport,Haelago,0,2014-03-29T14:38:43+00:00
311470,AYHW,small_airport,"Haewenai Airstrip",-5.7219,141.3205,220,OC,PG,PG-WPD,Haewenai,0,AYHW,,,,,,0,2014-03-29T14:59:00+00:00
311472,AYHO,small_airport,"Haivaro Airport",-6.9406,143.059,180,OC,PG,PG-GPK,Haivaro,0,AYHO,HIT,HWO,,,Haiwaro,0,2014-03-29T15:35:25+00:00
312681,HAZ,small_airport,"Hatzfeldhaven Airport",-4.4033,145.2056,26,OC,PG,PG-MPM,Hatzfeldhaven,0,,HAZ,HTZ,,,,0,2014-08-16T13:40:31+00:00
311473,AYHQ,small_airport,"Hauna Airstrip",-4.2994,142.2305,73,OC,PG,PG-ESW,Hauna,0,AYHQ,,HNA,,,,0,2014-03-29T16:00:26+00:00
307891,HWA,small_airport,"Hawabango Airport",-7.392994,146.003487,4563,OC,PG,PG-GPK,Hawabango,0,AYHU,HWA,HBA,,,Hauwabaga,0,2014-03-30T12:54:43+00:00
311487,AYHE,small_airport,"Heiweni Airport",-7.4223,146.4276,3480,OC,PG,PG-MPL,Heiweni,0,AYHE,HNI,HWI,,,,0,2014-03-30T13:14:27+00:00
312429,AYVA,small_airport,"Vailala Airstrip",-7.7677,145.4857,85,OC,PG,PG-GPK,Hepa,0,AYVA,,,,,,0,2014-07-10T19:04:09+00:00
313383,MNP,closed,"Maron Island Airport",-1.5504,145.0168,4,OC,PG,PG-MRL,"Hermit Islands",0,,MNP,,,,,0,2017-08-13T22:47:02+00:00
311489,AYHX,small_airport,"Herowena Airstrip",-6.6229,145.1972,4695,OC,PG,PG-EHG,Herowana,0,AYHX,,HRW,,,,0,2014-03-30T13:36:24+00:00
311492,AYHL,small_airport,"Hesalibi Airstrip",-6.6,142.3502,305,OC,PG,PG-WPD,Hesalibi,0,AYHL,,HLB,,,,0,2014-03-30T14:59:06+00:00
311506,AYHJ,small_airport,"Hewa Airstrip",-5.1914,142.9595,5000,OC,PG,PG-EPW,Hewa,0,AYHJ,,HEWA,,,,0,2014-04-01T00:01:33+00:00
307560,KMF,small_airport,"Kamina Airport",-7.64925,145.956944444,2157,OC,PG,PG-GPK,Hoieti,0,AYKD,KMF,KMN,,,,0,2014-09-21T13:11:46+00:00
312918,AYHH,small_airport,"Honinabi Airport",-16.2457,142.1771,452,OC,PG,PG-WPD,Honinabi,0,AYHH,HNN,HBI,,,Honinabe,0,2014-09-21T14:23:00+00:00
311510,AYHT,small_airport,"Hotmin Airstrip",-4.5845,141.5742,196,OC,PG,PG-ESW,"Hotmin Mission",0,AYHT,,HOT,,,,0,2014-04-01T01:10:50+00:00
311519,AYHY,small_airport,"Huya Airstrip",-6.2734,142.7061,2611,OC,PG,PG-SHM,Huya,0,AYHY,,HUYA,,,,0,2014-04-02T23:42:30+00:00
312934,AYIU,small_airport,"Ialibu Airport",-6.2782,143.9944,6736,OC,PG,PG-SHM,Ialibu,0,AYIU,IAL,IBU,,,Lalibu,0,2014-09-25T13:53:58+00:00
312936,IMA,small_airport,"Iamalele Airport",-9.5107,150.5246,40,OC,PG,PG-MBA,"Iamalele, Fergusson Island",0,,IMA,IAM,,,,0,2014-09-25T14:27:59+00:00
311521,AYIB,small_airport,"Ibil Airstrip",-4.6828,141.0316,870,OC,PG,PG-SAN,Ibil,0,AYIB,,IBIL,,,,0,2014-04-03T00:15:55+00:00
312933,IBI,small_airport,"Iboki Airport",-5.5536,149.19,13,OC,PG,PG-WBK,Iboki,0,,IBI,IBK,,,Iaboki,0,2014-09-25T13:17:33+00:00
311523,PG-0068,small_airport,"Idam Airstrip",-4.1432,141.2592,211,OC,PG,PG-SAN,Idam,0,,,IDAM,,,,0,2014-04-03T00:37:14+00:00
313285,ILX,closed,"Ileg Airport",-5.4917,145.8022,60,OC,PG,PG-MPM,Ileg,0,,ILX,,,,,0,2014-11-27T17:10:20+00:00
312938,AYII,small_airport,"Imane Airport",-6.7524,146.1072,3860,OC,PG,PG-MPL,Imane,0,AYII,IMN,IMN,,,Imani,0,2014-09-25T15:51:38+00:00
312964,AYIO,small_airport,"Imonda Airport",-3.328,141.1573,990,OC,PG,PG-SAN,Imonda,0,AYIO,IMD,IMO,,,,0,2014-09-28T12:44:28+00:00
311527,AYIR,small_airport,"Inaru Airstrip",-4.6316,142.8913,178,OC,PG,PG-ESW,Inaru,0,AYIR,,INR,,,,0,2014-04-03T12:01:50+00:00
309146,IDN,small_airport,"Indagen Airport",-6.22663,147.244,5788,OC,PG,PG-MPL,Indagen,0,AYID,IDN,IGN,,,,0,2014-04-03T12:18:01+00:00
312962,IUS,closed,"Inus Airport",-5.7568,155.1498,50,OC,PG,PG-NSB,Inus,0,,IUS,,,,,0,2014-09-28T12:12:34+00:00
313294,IOK,small_airport,"Iokea Airport",-8.401,146.277,39,OC,PG,PG-GPK,Iokea,0,,IOK,IOK,,,,0,2014-11-29T15:58:29+00:00
313299,IOP,small_airport,"Ioma Airport",-8.3614,147.84,95,OC,PG,PG-NPP,Ioma,0,,IOP,IOMA,,,,0,2014-11-29T21:07:05+00:00
311530,AYIP,small_airport,"Iropena Airstrip",-5.0333,143.87084,5190,OC,PG,PG-ESW,Iropena,0,AYIP,,IRP,,,,0,2014-04-03T12:37:59+00:00
311533,AYIS,small_airport,"Isan Airstrip",-5.9781,146.61975,6955,OC,PG,PG-MPL,Isan,0,AYIS,,ISAN,,,,0,2014-04-03T20:18:55+00:00
311535,AYIT,small_airport,"Iteri Airstrip",-4.2418,141.5234,242,OC,PG,PG-ESW,Iteri,0,AYIT,,ITR,,,,0,2014-04-03T20:49:37+00:00
308235,ITK,small_airport,"Itokama Airport",-9.201527,148.264261,2563,OC,PG,PG-NPP,Itokama,0,AYIK,ITK,ITK,,,,0,2014-04-03T21:08:49+00:00
302154,JOP,small_airport,"Josephstaal Airport",-4.74708333333,145.007083333,250,OC,PG,PG-MPM,Josephstaal,0,AYJS,JOP,JSL,,,,0,2014-11-29T16:51:23+00:00
302162,PG-0030,small_airport,"Junkaral Airstrip",-5.42316666667,145.010027778,485,OC,PG,PG-MPM,Junkaral,0,AYJL,,,,,Junk/Aral,0,2014-04-03T22:04:20+00:00
302163,PG-0031,small_airport,"Kabori Airstrip",-3.32161111111,141.858416667,2090,OC,PG,PG-SAN,Kabori,0,AYOR,,KBI,,,,0,2014-11-29T16:58:58+00:00
307556,PG-0039,small_airport,"Kafa Airstrip",-6.586888888890001,143.515,1850,OC,PG,PG-SHM,Kafa,0,AYKF,,KAFA,,,,0,2014-04-04T16:36:16+00:00
313787,AYKL,small_airport,"Kafle Airstrip",-3.75,142.59,850,OC,PG,PG-SAN,Kafle,0,AYKL,,KFL,,,,0,2015-02-07T20:37:05+00:00
302158,KGW,small_airport,"Kagi Airport",-9.135916666670001,147.669444444,4200,OC,PG,PG-CPM,Kagi,0,AYKQ,KGW,KAGI,,,,0,2014-04-04T16:45:11+00:00
301651,AGK,small_airport,"Kagua Airport",-6.396388888890001,143.853611111,5350,OC,PG,PG-SHM,Kagua,0,,AGK,,,,,0,2012-06-10T14:53:49+00:00
313423,KIA,closed,"Kaiapit Airport",-6.275,146.27,1030,OC,PG,PG-MPL,Kaiapit,0,,KIA,,,,,0,2014-12-20T13:40:35+00:00
302157,KZF,small_airport,"Kaintiba Airport",-7.50025,146.033833333,2050,OC,PG,PG-GPK,Kaintiba,0,AYKT,KZF,KNT,,,,0,2012-12-04T01:19:00+00:00
313788,AYKZ,small_airport,"Kairiru Airstrip",-3.3687,143.5546,60,OC,PG,PG-ESW,"Kairiru Island",0,AYKZ,,KAI,,,,0,2015-02-07T21:35:57+00:00
307559,KOR,small_airport,"Kakoro(Koroko) Airstrip",-7.8346666666700004,146.5335,230,OC,PG,PG-GPK,Kakoro,0,AYRO,KOR,KKO,,,,0,2014-04-10T05:14:33+00:00
308208,KDQ,small_airport,"Kamberatoro Airport",-3.600556,141.051667,1350,OC,PG,PG-SAN,"Kamberatoro Mission",0,AYTO,KDQ,KTO,,,,0,2014-04-10T20:03:16+00:00
312915,KJU,closed,"Kamiraba Airport",-3.1995,151.9077,40,OC,PG,PG-NIK,Kamiraba,0,,KJU,,,,,0,2014-09-21T12:53:26+00:00
302390,KAQ,small_airport,"Kamulai Airport",-8.150694444440001,146.834,5800,OC,PG,PG-CPM,"Kamulai Mission",0,AYKH,KAQ,KML,,,,0,2014-04-10T20:52:54+00:00
307561,KEX,small_airport,"Kanabea Airport",-7.538888888890001,145.905,4288,OC,PG,PG-GPK,Kanabea,0,AYNB,KEX,KEA,,,,0,2014-04-10T21:01:14+00:00
308592,AYKJ,small_airport,"Kanainj Airport",-5.2903,144.7072,4064,OC,PG,PG-MPM,Kanainj,0,AYKJ,KNE,KNJ,,,,0,2013-05-04T01:17:27+00:00
307562,KDP,small_airport,"Kandep Airport",-5.84061111111,143.507222222,7710,OC,PG,PG-EPW,Kandep,0,AYNN,KDP,KDP,,,,0,2014-09-27T23:04:58+00:00
311616,AYNT,small_airport,"Kantobo Airstrip",-6.7227,143.5636,1385,OC,PG,PG-SHM,Kantobo,0,AYNT,,KNO,,,"KAB, Kandobo, Kantobel, Iamagu",0,2014-04-10T21:58:51+00:00
319536,PG-0091,small_airport,"Kapaimeri Airstrip",-4.2028,143.2767,30,OC,PG,PG-ESW,"Kapaimeri Mission",0,,,KAP,,,Kapaimari,0,2016-07-17T10:44:43+00:00
308216,KPL,small_airport,"Kapal Airport",-8.630184,142.823756,170,OC,PG,PG-WPD,Kapal,0,,KPL,KPL,,,,0,2013-01-16T23:42:23+00:00
311618,AYPI,small_airport,"Kapi Airstrip",-6.371,144.6839,3408,OC,PG,PG-CPK,Kapi,0,AYPI,,KAPI,,,,0,2014-04-10T22:42:05+00:00
312735,KAK,small_airport,"Kar Airport",-6.2452,143.5516,4965,OC,PG,PG-SHM,Kar,0,KAK,,KAR,,,,0,2014-08-22T21:57:21+00:00
308594,AYKR,small_airport,"Kar Kar Airport",-4.557,145.9404,130,OC,PG,PG-MPM,"Kar Kar Island",0,AYKR,KRX,KKR,,,,0,2013-05-04T02:02:19+00:00
313453,KAF,small_airport,"Karato Airport",-6.2655,155.3052,109,OC,PG,PG-NSB,Karato,0,,KAF,KRT,,,Karatu,0,2014-12-24T05:04:47+00:00
308137,AYRI,small_airport,"Karimui Airport",-6.4921,144.823,3640,OC,PG,PG-CPK,Karimui,0,AYRI,KMR,KRI,,,,0,2012-12-11T00:27:39+00:00
311620,AYNM,small_airport,"Kasonombe Airport",-6.3819,146.9859,5800,OC,PG,PG-MPL,Kasonombe,0,AYNM,KSB,KNB,,,,0,2014-04-11T00:04:24+00:00
314312,PG-0085,closed,"Kauaia Airstrip",-3.758,142.9777,375,OC,PG,PG-ESW,Kauaia,0,,,,,,,0,2015-04-11T17:02:39+00:00
315178,PG-0089,closed,"Kaup Airstrip",-3.8033,143.987,100,OC,PG,PG-ESW,"Kaup Villages",0,,,,,,,0,2015-08-14T23:16:23+00:00
307112,RUU,small_airport,"Ruti Airport",-5.334444444440001,144.256666667,1710,OC,PG,PG-WHM,Kawbenaberi,0,,RUU,RUTI,,,,0,2012-09-13T09:52:28+00:00
311691,PG-0069,small_airport,"Kelabo Airstrip",-5.5659,142.5666,5562,OC,PG,PG-HE,Kelabo,0,,,KLO,,,Kelebo,0,2014-04-18T16:36:10+00:00
312856,KNL,closed,"Kelanoa Airport",-6.01,147.49,40,OC,PG,PG-MPL,Kelanoa,0,,KNL,,,,,0,2014-09-11T13:16:47+00:00
308789,PG-0051,small_airport,"Kibeni Airstrip",-7.4846,143.8224,99,OC,PG,PG-GPK,Kibeni,0,AYNQ,,KBN,,,,0,2014-04-18T16:56:21+00:00
308437,PG-0048,small_airport,"Kibuli Airstrip",-9.006528,142.698056,54,OC,PG,PG-GPK,Kibuli,0,AYLI,KII,KBL,,,,0,2014-04-18T17:16:46+00:00
302264,AYKT,small_airport,"Aropa Airport",-6.305417,155.728139,20,OC,PG,PG-NSB,Kieta,1,AYIQ,KIE,KIA,,http://en.wikipedia.org/wiki/Kieta_Airport,,0,2018-05-01T05:06:02+00:00
313425,KIZ,closed,"Kikinonda Airport",-8.5284,147.9309,95,OC,PG,PG-NPP,Kikinonda,0,,KIZ,,,,,0,2014-12-20T15:52:39+00:00
308790,PG-0052,small_airport,"Kilifas Airstrip",-3.2148,141.3642,1095,OC,PG,PG-SAN,Kilifas,0,AYIF,,KIS,,,,0,2014-10-05T16:17:36+00:00
302383,KIQ,small_airport,"Kira Airport",-8.065111111110001,147.332027778,1700,OC,PG,PG-NPP,Kira,0,AYRA,KIQ,KIRA,,,,0,2014-04-18T17:42:58+00:00
311699,AYRT,small_airport,"Kirinbit Airstrip",-4.2839,143.1512,60,OC,PG,PG-ESW,Kirinbit,0,AYRT,,KBT,,,Kilimbit,0,2014-04-18T18:33:54+00:00
308515,PG-0049,small_airport,"Kiriwo Airstrip",-8.437,141.5142,69,OC,PG,PG-WPD,Kiriwa,0,AYRW,,KRW,,,Kiriwa,0,2014-04-18T18:45:35+00:00
313226,KSG,closed,"Kisengam Airport",-6.362,146.71,3700,OC,PG,PG-MPL,Kisenden,0,,KSG,,,,Kisengang,0,2014-11-15T12:02:28+00:00
313830,KVE,small_airport,"Kitava Airport",-8.6285,151.327,194,OC,PG,PG-MBA,"Kitava Island",0,,KVE,KTV,,,,0,2015-02-13T00:30:52+00:00
313225,KWX,closed,"Kiwai Airport",-8.6883,143.618,30,OC,PG,PG-WPD,"Kiwai Island",0,,KWX,,,,Sanguane,0,2014-11-15T11:19:14+00:00
311702,AYLH,small_airport,"Klauhau Airstrip",-4.1305,142.2495,130,OC,PG,PG-ESW,Klauhau,0,AYLH,,,,,,0,2014-04-18T21:02:02+00:00
302385,KQL,small_airport,"Kol Airport",-5.73116666667,144.846,5350,OC,PG,PG-JI,Kol,0,AYOL,KQL,KOL,,,,0,2014-04-18T21:17:03+00:00
311706,AYOQ,small_airport,"Komaio Airport",-7.2714,143.5952,28,OC,PG,PG-GPK,Komaio,0,AYOQ,KCJ,KOI,,,,0,2014-04-18T21:35:53+00:00
313218,AYOK,small_airport,"Komako Airport",-7.3984,145.8827,3960,OC,PG,PG-GPK,Komako,0,AYOK,HOC,KMA,,,,0,2014-11-15T01:21:31+00:00
311712,AYOU,small_airport,"Kombaku Airstrip",-5.3817,144.6355,5400,OC,PG,PG-MPM,Kombaku,0,AYOU,,KBK,,,,0,2014-04-19T13:42:11+00:00
308516,KOM,small_airport,"Komo-Manda Airport",-6.0682,142.8598,5057,OC,PG,PG-HE,Komo,0,AYOO,KOM,KOMO,,,,0,2014-04-19T13:52:25+00:00
302384,KMB,small_airport,"Koinambe Airport",-5.4875,144.606944444,3000,OC,PG,PG-JI,Konambe,0,AYON,KMB,KOE,,,,0,2014-04-19T14:19:37+00:00
311717,AYDL,small_airport,"Kondobol Airport",-8.5336,142.5049,132,OC,PG,PG-WPD,Kondobol,0,AYDL,KPF,KDB,,,"Kondubol, Kondobal",0,2014-04-19T14:59:14+00:00
313220,AYOE,small_airport,"Konge Airport",-6.2239,147.2152,5900,OC,PG,PG-MPL,Konge,0,AYOE,KGB,KGE,,,,0,2014-11-15T01:45:35+00:00
308795,AYKG,small_airport,"Kopiago Airport",-5.3883,142.4977,4445,OC,PG,PG-HE,Kopiago,0,AYKG,KPA,KGO,,,,0,2013-06-01T13:50:39+00:00
313222,AYOZ,small_airport,"Kora Airstrip",-6.4304,145.0931,5745,OC,PG,PG-EHG,Kora,0,AYOZ,,KORA,,,,0,2014-11-15T02:23:01+00:00
311382,PG-0066,small_airport,"Fugwa Airstrip",-5.7169,142.6968,6100,OC,PG,PG-HE,Koroba,0,,,FUG,,,,0,2014-03-20T13:49:01+00:00
313288,AYOW,small_airport,"Koroba Airport",-5.6952,142.7441,5638,OC,PG,PG-HE,Koroba,0,AYOW,KDE,,,,,0,2014-11-28T21:16:55+00:00
313553,AYOS,small_airport,"Kosimbi Airstrip",-3.9522,143.1767,149,OC,PG,PG-ESW,"Kosimbi Mission",0,AYOS,,,,,Kosimbe,0,2015-01-08T01:39:37+00:00
308318,KSP,small_airport,"Kosipe Airport",-8.450716,147.209195,6350,OC,PG,PG-CPM,"Kosipe Mission",0,AYOP,KSP,,,,Kosipi,0,2014-11-28T22:16:15+00:00
313564,AYKN,small_airport,"Kubuna Airstrip",-8.6917,146.7566,200,OC,PG,PG-CPM,"Kubuna Mission",0,AYKN,,,,,,0,2015-01-08T20:17:09+00:00
313565,AYUQ,small_airport,"Kumbwareta Airstrip",-5.5078,144.1171,4067,OC,PG,PG-WHM,Kumbwareta,0,AYUQ,,KUM,,,,0,2015-01-08T21:13:24+00:00
313419,AYIM,small_airport,"Kungim Airport",-5.671,141.03,349,OC,PG,PG-WPD,Kungim,0,AYIM,KGM,KNM,,,Kungum,0,2014-12-19T23:31:43+00:00
312959,KTK,closed,"Kunua Airport",-5.7828,154.74,60,OC,PG,PG-NSB,Kunua,0,,KTK,,,,"Kanua, Konua",0,2014-09-28T00:21:02+00:00
313569,KUP,small_airport,"Kupiano Airport",-10.0736,148.218,90,OC,PG,PG-CPM,Kupiano,0,,KUP,KPN,,,,0,2015-01-08T23:50:38+00:00
308319,AYKU,small_airport,"Kuri Airport",-7.135083,143.276111,35,OC,PG,PG-GPK,Kuri,0,AYKU,KUQ,KURI,,,,0,2013-03-07T00:41:57+00:00
313443,KWV,closed,"Kurwina Airport",-5.965,155.3604,65,OC,PG,PG-NSB,Kurwina,0,,KWV,,,,,0,2014-12-25T11:48:01+00:00
313571,AYFW,small_airport,"Kwieftim Airstrip",-3.6005,141.7674,515,OC,PG,PG-SAN,Kwieftim,0,AYFW,,KWM,,,,0,2015-01-09T00:28:51+00:00
313573,AYOA,small_airport,"Kwomtari Airstrip",-3.598,141.3614,366,OC,PG,PG-SAN,Kwomtari,0,AYOA,,KWO,,,,0,2015-01-09T01:17:14+00:00
312686,AYLB,small_airport,"Lab Lab Airport",-5.7204,148.0566,160,OC,PG,PG-MPL,"Lab Lab Mission",0,AYLB,LAB,LAB,,,Lablab,0,2014-08-16T21:38:10+00:00
308079,AYLA,closed,"Lae Airfield",-6.731666,146.996368,50,OC,PG,PG-MPL,Lae,0,AYLA,,,,http://en.wikipedia.org/wiki/Lae_Airfield,"Lae Drome, Lae Aerodrome, Old Lae Airfield",0,2014-01-02T14:11:08+00:00
313574,AYLQ,small_airport,"Lagoon Airstrip",-8.8186,143.1317,100,OC,PG,PG-WPD,Lagoon,0,AYLQ,,LGN,,,,0,2015-01-09T02:21:58+00:00
313897,LGM,closed,"Laiagam Airport",-5.4923,143.488,7267,OC,PG,PG-EPW,Laiagam,0,,LGM,,,,,0,2015-02-20T18:23:12+00:00
314947,AYLC,small_airport,"Lake Campbell Airstrip",-6.7486,142.6037,585,OC,PG,PG-WPD,"Lake Campbell",0,AYLC,,,,,,0,2015-07-09T18:38:22+00:00
325366,LHP,closed,"Lehu Airport",-6.527493,155.712442,1770,OC,PG,PG-NSB,Lehu,0,,LHP,LEHU,,,,0,2017-11-04T18:57:00+00:00
313850,LTF,small_airport,"Leitre Airport",-2.8337,141.6257,32,OC,PG,PG-SAN,Leitre,0,,LTF,LRE,,,,0,2015-02-14T20:57:45+00:00
313941,AYLE,small_airport,"Lele Airstrip",-5.2192,151.3938,1600,OC,PG,PG-EBR,Leli,0,AYLE,,LELE,,,Leli,0,2015-02-28T15:54:31+00:00
313927,AYLP,small_airport,"Leron Plains Airport",-6.3917,146.3434,680,OC,PG,PG-MPL,"Leron Plains",0,AYLP,LPN,LPS,,,,0,2015-02-26T03:25:14+00:00
313944,AYLS,small_airport,"Lese Airport",-8.2799,146.2765,40,OC,PG,PG-GPK,Lese,0,AYLS,LNG,LESE,,,,0,2015-02-28T16:51:23+00:00
302389,LGN,small_airport,"Linga Linga Airport",-5.5319444444400006,149.734166667,17,OC,PG,PG-WBK,"Linga Linga",0,AYLL,LGN,LLA,,,Lingalinga,0,2015-02-21T01:23:41+00:00
312995,LNQ,closed,"Loani Airport",-10.5815,150.5931,150,OC,PG,PG-MBA,Loani,0,,LNQ,,,,,0,2014-10-05T13:59:08+00:00
313946,AYLX,small_airport,"Long Island Airport",-5.3604,147.0177,116,OC,PG,PG-MPM,"Long Island",0,AYLX,LSJ,LIS,,,,0,2015-02-28T17:39:26+00:00
311112,PG-0062,closed,"Lorengau Airfield",-2.0201,147.2664,27,OC,PG,PG-MRL,Lorengau,0,,,,,http://en.wikipedia.org/wiki/Lorengau_Airfield,,0,2014-02-27T00:33:40+00:00
314253,PG-0084,closed,"Lou Island Airstrip",-2.378,147.3627,150,OC,PG,PG-MRL,"Lou Island",0,,,,,,,0,2015-04-08T02:58:29+00:00
313841,AYLO,small_airport,"Lowai Airport",-6.3344,146.6458,2900,OC,PG,PG-MPL,Lowai,0,AYLO,LWI,LOW,,,,0,2015-02-14T00:02:18+00:00
301977,PG-0027,small_airport,"Bosavi Airstrip",-6.46166666667,142.841111111,2350,OC,PG,PG-SHM,"Ludesa Mission",0,,,BSV,,,,0,2012-07-06T14:44:41+00:00
302528,PG-0033,small_airport,"Lumusa Airstrip",-5.52777777778,144.065555556,4943,OC,PG,PG-WHM,Lumusa,0,AYLF,,LMS,,,,0,2014-04-27T15:13:03+00:00
302532,MPG,small_airport,"Makini Airport",-6.532222222220001,147.651166667,2530,OC,PG,PG-MPL,Makini,0,AYMJ,MPG,MAK,,,,0,2015-03-19T00:37:50+00:00
302214,MMV,small_airport,"Mal Airport",-1.39444444444,144.171111111,6,OC,PG,PG-ESW,"Mal Island",0,AYYM,MMV,MAL,,,,0,2014-05-10T03:51:55+00:00
302535,MLQ,small_airport,"Malalaua Airport",-8.07138888889,146.155472222,20,OC,PG,PG-GPK,Malalaua,0,AYMP,MLQ,MLU,,,,0,2015-03-15T18:31:32+00:00
302536,MQO,small_airport,"Malam Airport",-8.70916666667,142.649722222,126,OC,PG,PG-WPD,Malam,0,AYMQ,MQO,MAA,,,,0,2015-03-19T19:58:39+00:00
302541,MAP,small_airport,"Mamai Airport",-10.290833333299998,149.519166667,90,OC,PG,PG-CPM,Mamai,0,,MAP,,,,,0,2012-08-23T15:50:18+00:00
314134,AYMA,small_airport,"Manari Airport",-9.1908,147.6219,2630,OC,PG,PG-NPP,Manari,0,AYMA,MRM,MRI,,,Manare,0,2015-03-20T11:10:04+00:00
314180,MVI,closed,"Manetai Airport",-6.12,155.39,170,OC,PG,PG-NSB,Manetai,0,,MVI,,,,,0,2015-03-27T20:51:30+00:00
313979,MGP,small_airport,"Manga Airport",-4.147,153.0186,60,OC,PG,PG-NIK,"Manga Mission",0,,MGP,MNA,,,,0,2015-03-05T19:12:42+00:00
308139,AYNG,small_airport,"Manguna Airport",-5.577778,151.792333,187,OC,PG,PG-EBR,Manguna,0,AYNG,MFO,MGA,,http://en.wikipedia.org/wiki/Manguna_Airport,,0,2012-12-12T01:05:58+00:00
315021,UUU,small_airport,"Manumu Airport",-9.0746,147.5735,1800,OC,PG,PG-CPM,Manumu,0,,UUU,MMU,,,,0,2015-07-19T13:11:26+00:00
312806,PG-0076,closed,"Mapaio Airstrip",-7.656,145.045,55,OC,PG,PG-GPK,"Mapaio Village",0,,,,,,,0,2014-08-31T16:47:45+00:00
312804,AYPO,small_airport,"Mapoda Airport",-7.979,143.1694,45,OC,PG,PG-WPD,Mapoda,0,AYPO,MPF,MPO,,,Mapodo,0,2014-08-31T16:02:16+00:00
313204,AYRL,small_airport,"Maralina Airstrip",-6.9015,146.3698,431,OC,PG,PG-MPL,Maralina,0,AYRL,,,,,,0,2014-11-27T17:23:03+00:00
313207,AYRM,small_airport,"Maramuni Airport",-5.13,143.4829,5160,OC,PG,PG-EPW,Maramuni,0,AYRM,MWI,MAR,,,,0,2014-11-13T00:35:26+00:00
308796,AYMW,small_airport,"Marawaka Airport",-6.9736,145.8849,6050,OC,PG,PG-EHG,Marawaka,0,AYMW,MWG,MWK,,,,0,2013-06-01T15:23:41+00:00
313977,MGG,closed,"Margarima Airport",-5.979,143.3595,7291,OC,PG,PG-SHM,Margarima,0,,MGG,,,,,0,2015-03-05T00:26:59+00:00
313953,AYSX,small_airport,"Masa Airport",-6.345,147.591,5900,OC,PG,PG-MPL,Masa,0,AYSX,MBV,MASA,,,,0,2015-03-01T00:50:20+00:00
314252,PG-0083,small_airport,"Matkomnae Airstrip",-5.817,141.1614,170,OC,PG,PG-WPD,Matkomrae,0,,,MMA,,,Matkomrae,0,2015-04-08T01:44:57+00:00
311745,AYRV,small_airport,"May River Airstrip",-4.3615,141.785,107,OC,PG,PG-ESW,"May River",0,AYRV,MRH,MRV,,,,0,2014-04-23T00:18:53+00:00
311747,AYEK,small_airport,"Membok Airstrip",-6.4744,141.019,54,OC,PG,PG-WPD,Membok,0,AYEK,,MBK,,,Mebok,0,2014-04-23T00:38:37+00:00
311749,AYEG,small_airport,"Mengina Airstrip",-6.4836,144.986,4224,OC,PG,PG-CPK,Mengina,0,AYEG,,MEN,,,,0,2014-04-23T01:30:22+00:00
330238,PG-0093,small_airport,"Menjim Airstrip",-5.502442,144.458104,1876,OC,PG,PG-WHM,Menjim,0,,,,,,,0,2019-01-27T14:10:39+00:00
306956,MYX,small_airport,"Menyamya Airport",-7.21166666667,146.019361111,3880,OC,PG,PG-MPL,Menyamya,0,AYMC,MYX,MYY,,,,0,2012-12-19T01:26:41+00:00
311756,AYEI,small_airport,"Milei Airstrip",-9.0794,147.602,2160,OC,PG,PG-CPM,Milei,0,AYEI,,MIL,,,,0,2014-04-24T00:00:40+00:00
306955,MXK,small_airport,"Mindik Airport",-6.47166666667,147.441138889,4200,OC,PG,PG-MPL,Mindik,0,AYMI,MXK,MIK,,,,0,2012-12-19T01:22:52+00:00
311757,AYEY,small_airport,"Mirsey Airstrip",-4.0621,142.6609,107,OC,PG,PG-ESW,Mirsey,0,AYEY,,MSY,,,,0,2014-04-24T00:21:31+00:00
311760,AYOX,small_airport,"Moi Airstrip",-4.1615,141.2478,240,OC,PG,PG-SAN,Moi,0,AYOX,,MOI,,,,0,2014-04-24T01:14:23+00:00
308189,AYMK,small_airport,"Mok Airport",-5.730238,149.056583,1050,OC,PG,PG-WBK,Mok,0,AYMK,,MOK,,,,0,2012-12-28T01:31:05+00:00
314040,MJJ,small_airport,"Moki Airport",-5.7181,145.2404,3030,OC,PG,PG-MPM,Moki,0,,MJJ,MOKI,,,,0,2015-03-14T17:23:06+00:00
306957,MHY,small_airport,"Morehead Airport",-8.71411111111,141.644444444,100,OC,PG,PG-WPD,Morehead,0,AYEH,MHY,MHD,,,,0,2014-11-30T01:35:59+00:00
312797,AYMB,small_airport,"Morobe Airport",-7.74,147.59,8,OC,PG,PG-MPL,Morobe,0,AYMB,OBM,MBE,,,,0,2014-08-30T17:00:04+00:00
308188,AYML,small_airport,"Mougulu Airport",-6.280859,142.420775,825,OC,PG,PG-WPD,Mougulu,0,AYML,GUV,MGU,,,,0,2012-12-23T19:20:55+00:00
313858,AYRX,heliport,"Mount Boregoro Helicopter Landing  Site",-9.8944,148.1069,898,OC,PG,PG-CPM,"Mount Boregoro",0,AYRX,,,,,,0,2015-02-15T18:47:08+00:00
313173,AYYT,small_airport,"Mount Tauwa Airstrip",-6.7293,144.303,3700,OC,PG,PG-SHM,"Mount Tauwa",0,AYYT,,MTA,,,,0,2014-11-07T07:46:50+00:00
313175,AYYU,small_airport,"Mui Airstrip",-4.7912,144.3113,132,OC,PG,PG-MPM,Mui,0,AYYU,,MUI,,,,0,2014-11-27T17:18:51+00:00
313962,AYDK,small_airport,"Munduku Airport",-4.6204,143.4516,100,OC,PG,PG-ESW,Munduku,0,AYDK,MDM,MUN,,,,0,2015-03-01T18:19:02+00:00
313789,PG-0082,closed,"Muschu Airstrip",-3.4097,143.58,242,OC,PG,PG-ESW,"Muschu Island",0,,,,,,,0,2015-02-07T22:44:16+00:00
311485,AYUL,small_airport,"Musula Airstrip",-6.8385,142.8983,740,OC,PG,PG-SHM,Musula,0,AYUL,,MSL,,,,0,2014-03-30T12:23:30+00:00
312247,AYTC,small_airport,"Tapila Airstrip",-8.4188,142.9043,48,OC,PG,PG-WPD,Mutam,0,AYTC,,TPL,,,,0,2014-06-21T02:43:48+00:00
313775,BAP,closed,"Baibara Airport",-10.3432,149.6414,15,OC,PG,PG-CPM,Nabai,0,,BAP,,,,Baibara,0,2015-03-08T13:57:35+00:00
302538,NDN,small_airport,"Nadunumu Airport",-9.14355555556,147.68425,5100,OC,PG,PG-CPM,Nadunumu,0,AYNC,NDN,NDM,,,,0,2014-11-30T01:10:41+00:00
308583,AYNO,small_airport,"Nomane Airport",-6.32183,145.070667,6032,OC,PG,PG-CPK,Namane,0,AYNO,NMN,NOM,,,,0,2013-05-02T14:32:06+00:00
301834,ATN,small_airport,"Namatanai Airport",-3.6695,152.438,150,OC,PG,PG-NIK,Namatanai,0,AYNX,ATN,NTI,,http://en.wikipedia.org/wiki/Namatanai_Airport,,0,2014-07-05T22:10:56+00:00
313487,AYNY,small_airport,"Nambaiyufa Airport",-6.2412,145.2424,5550,OC,PG,PG-CPK,Nambaiyufa,0,AYNY,NBA,NBF,,,,0,2014-12-28T04:38:13+00:00
306967,NDI,small_airport,"Namudi Airport",-9.47375,148.329416667,1044,OC,PG,PG-NPP,Namudi,0,AYNJ,NDI,NAM,,,,0,2014-11-30T01:20:49+00:00
308248,NOO,small_airport,"Naoro Airport",-9.254455,147.621352,2372,OC,PG,PG-CPM,"Naoro Vilage",0,,NOO,NAO,,,,0,2013-02-06T00:24:14+00:00
308173,AYNE,small_airport,"Negarbo(Negabo) Airport",-6.567778,144.703058,4500,OC,PG,PG-CPK,Negarbo,0,AYNE,GBF,NBO,,,,0,2012-12-19T00:17:22+00:00
316652,PPX,small_airport,"Param Airport",-9.99,149.477,4490,OC,PG,PG-MBA,Nepesi,0,,PPX,PAM,,,,0,2016-01-08T20:36:40+00:00
312744,NPG,small_airport,"Nipa Airport",-6.1454,143.4531,5765,OC,PG,PG-SHM,Nipa,0,,NPG,,,,,0,2014-08-23T11:33:43+00:00
306971,NOM,small_airport,"Nomad River Airport",-6.294,142.234166667,305,OC,PG,PG-WPD,"Nomad River",0,,NOM,NDR,,http://en.wikipedia.org/w/index.php?title=Nomad_River_Airport&action=edit&redlink=1,,0,2012-09-17T13:56:45+00:00
313206,AYRN,small_airport,"Norambi Airstrip.",-6.9125,145.6731,5100,OC,PG,PG-EHG,Norambi,0,AYRN,,NMB,,,,0,2014-11-13T00:32:06+00:00
306972,NWT,small_airport,"Nowata Airport",-9.984166666669998,149.729166667,2040,OC,PG,PG-MBA,Nowata,0,AYNW,NWT,NTA,,,,0,2014-04-27T15:33:56+00:00
308517,NUG,small_airport,"Nuguria Airstrip",-3.4075,154.7383,30,OC,PG,PG-NIK,"Nuguria Island",0,AYNI,NUG,NGA,,,,0,2014-05-03T10:51:00+00:00
311836,AYWN,small_airport,"Nugwaia Airstrip",-3.8183,142.835,279,OC,PG,PG-ESW,Nugwaia,0,AYWN,,NUG,,,Nunguaiia,0,2014-05-03T11:00:53+00:00
311850,AYOD,small_airport,"Obura Airstrip",-6.5507,145.9728,5600,OC,PG,PG-EHG,Obura,0,AYOD,,OBU,,,,0,2014-05-04T18:24:21+00:00
306981,OKV,small_airport,"Okao Airport",-5.55666666667,141.032777778,450,OC,PG,PG-WPD,Okao,0,AYOF,OKV,OKO,,,,0,2014-05-10T20:12:49+00:00
311907,AYOH,small_airport,"Okisai Airstrip",-4.7065,141.9006,310,OC,PG,PG-SAN,Okisai,0,AYOH,,OKS,,,,0,2014-05-10T20:28:30+00:00
311909,AYOJ,small_airport,"Oksapmin Airport",-5.2261,142.2259,5140,OC,PG,PG-SAN,Oksapmin,0,AYOJ,OKP,OKN,,,,0,2014-05-10T20:44:30+00:00
306982,OLQ,small_airport,"Olsobip Airport",-5.3897222222200005,141.515277778,1500,OC,PG,PG-WPD,Olsobip,0,AYOV,OLQ,OLS,,,,0,2014-05-10T20:58:07+00:00
311943,AYUO,small_airport,"Omaura Airstrip",-6.3679,145.9902,4860,OC,PG,PG-EHG,Omaura,0,AYUO,,ORA,,,,0,2014-09-11T19:39:48+00:00
313132,OML,closed,"Omkalai Airport",-6.179,144.96,5700,OC,PG,PG-CPK,Omkalai,0,,OML,,,,,0,2014-10-30T02:09:36+00:00
306992,OSE,small_airport,"Omora Airport",-7.82777777778,147.080638889,2540,OC,PG,PG-MPL,Omora,0,AYOM,OSE,OOA,,,,0,2014-04-27T16:06:16+00:00
306993,ONB,small_airport,"Ononge Airport",-8.67436111111,147.262416667,5800,OC,PG,PG-CPM,"Onange Mission",0,AYQQ,ONB,ONG,,,,0,2014-05-17T00:09:25+00:00
325368,OTY,small_airport,"Oria Airport",-6.577613,155.771022,551,OC,PG,PG-CPM,Oria,0,,OTY,ORIA,,,,0,2017-11-04T19:28:34+00:00
309034,PG-0053,small_airport,"Oriomo Airstrip",-8.86,143.18,66,OC,PG,PG-WPD,Oriomo,0,,,ORI,,,,0,2014-11-14T23:58:29+00:00
306994,OSG,small_airport,"Ossima Airport",-2.91555555556,141.297305556,205,OC,PG,PG-SAN,Ossima,0,AYZS,OSG,OSA,,,,0,2014-05-17T01:07:57+00:00
311948,AYZU,small_airport,"Oum Airstrip",-4.2684,142.1273,80,OC,PG,PG-ESW,Oum,0,AYZU,,OUM,,,,0,2014-05-17T01:26:30+00:00
308518,PG-0050,small_airport,"Owena Airstrip",-6.6962,145.8094,5500,OC,PG,PG-EHG,Owenia,0,AYWW,,OWN,,,,0,2014-05-17T22:31:41+00:00
306995,PLE,small_airport,"Paiela Airport",-5.3725,142.976111111,6100,OC,PG,PG-EPW,Paiela,0,AYPB,PLE,PAL,,,,0,2014-05-17T22:40:38+00:00
311950,PG-0070,small_airport,"Panasesa Airstrip",-10.739,151.7255,13,OC,PG,PG-MBA,"Panasesa Island",0,,,,,,,0,2014-05-17T02:47:32+00:00
316621,AYPG,small_airport,"Pangia Airport",-6.386,144.1084,5340,OC,PG,PG-SHM,Pangia,0,AYPG,PGN,PNA,,,,0,2016-01-02T23:31:47+00:00
311954,AYPC,small_airport,"Pangoa Airport",-7.0226,141.5605,60,OC,PG,PG-WPD,Pangoa,0,AYPC,PGB,PGA,,,,0,2014-05-17T22:57:54+00:00
307074,PG-0036,small_airport,"Pasinkap Airstrip",-5.01541666667,144.842138889,255,OC,PG,PG-MPM,Pasinkap,0,AYPK,,PSK,,,,0,2014-05-17T23:15:20+00:00
307075,PMP,small_airport,"Pimaga Airport",-6.49916666667,143.510277778,2745,OC,PG,PG-SHM,Pimaga,0,AYPJ,PMP,PAG,,,,0,2014-05-17T23:39:19+00:00
307076,PDI,small_airport,"Pindiu Airport",-6.445138888890001,147.515833333,2995,OC,PG,PG-MPL,Pindiu,0,AYPD,PDI,PDU,,,,0,2012-09-09T18:45:37+00:00
314448,RGE,closed,"Porgera Airport",-5.4792,143.1236,7360,OC,PG,PG-EPW,Porgera,0,,RGE,,,,,0,2015-04-30T18:10:35+00:00
307558,PG-0041,small_airport,"Kairik Airstrip",-5.44625,143.169888889,7340,OC,PG,PG-EPW,"Porgera Mine",0,,,KRK,,,,0,2012-10-20T20:30:16+00:00
311951,PG-0071,small_airport,"Pori Airstrip",-5.5782,142.7065,5235,OC,PG,PG-HE,Pori,0,,,,,,,0,2014-05-17T03:42:55+00:00
311111,PG-0061,closed,"Berry Airfield",-9.388829,147.245228,115,OC,PG,PG-NCD,"Port Moresby",0,,,,,http://en.wikipedia.org/wiki/Berry_Airfield,"12 Mile Drome, Bomana Drome",0,2014-02-27T00:07:01+00:00
312750,PUA,small_airport,"Puas Airport",-2.395,150.2361,45,OC,PG,PG-NIK,"Puas Mission",0,,PUA,PUAS,,,,0,2014-08-23T23:55:01+00:00
309035,PG-0054,small_airport,"Pukapuki Airstrip",-4.5362,142.5176,124,OC,PG,PG-ESW,"Pukapuki Vilage",0,AYPX,,PPK,,,"BKABKI waypoint",0,2014-05-25T18:14:01+00:00
312000,AYPQ,small_airport,"Pumani Airport",-9.7469,149.4766,427,OC,PG,PG-MBA,Pumani,0,AYPQ,PMN,PMN,,,,0,2014-05-25T18:37:19+00:00
316676,PUI,closed,"Pureni Airport",-5.8429,142.8279,5512,OC,PG,PG-MPM,Pureni,0,,PUI,,,,,0,2016-01-10T19:19:23+00:00
307113,AYPU,small_airport,"Puri Airport",-6.47516111111,143.987222222,6050,OC,PG,PG-SHM,Puri,0,AYPU,,,,,,0,2012-09-13T10:21:11+00:00
307079,RBP,small_airport,"Raba Raba Airport",-9.97111111111,149.832222222,170,OC,PG,PG-MBA,Rabaraba,0,AYRE,RBP,RBA,,,Rabaraba,0,2014-08-16T20:24:43+00:00
308586,AYRB,closed,"Lakunai Airfield",-4.223,152.185,30,OC,PG,PG-EBR,Rabaul,0,AYRB,,,,http://en.wikipedia.org/wiki/Lakunai_Airfield,"Old Rabaul Airport",0,2013-05-03T02:39:19+00:00
312683,RAA,small_airport,"Rakanda Airport",-4.2096,152.4385,38,OC,PG,PG-EBR,Rakanda,0,,RAA,RAK,,,"Duke of York Is.",0,2014-08-16T19:58:55+00:00
314509,RNR,closed,"Robinson River Airport",-10.171,148.823,60,OC,PG,PG-CPM,"Robinson River",0,,RNR,RNR,,,,0,2015-05-08T15:30:42+00:00
312961,AYSH,small_airport,"Sabah Airport",-5.5765,155.0489,10,OC,PG,PG-NSB,Sabah,0,AYSH,SBV,SAB,,,,0,2014-09-28T01:45:20+00:00
307446,SDI,small_airport,"Saidor Airport",-5.62713888889,146.462777778,83,OC,PG,PG-MPM,Saidor,0,AYSD,SDI,SDA,,http://en.wikipedia.org/wiki/Saidor_Airport,,0,2015-05-22T11:34:40+00:00
312682,SAM,small_airport,"Salamo Airport",-9.6701,150.7903,30,OC,PG,PG-MBA,Salamo,0,,SAM,SAO,,http://en.wikipedia.org/wiki/Salamo_Airport,"Fergusson Is.",0,2014-08-16T15:27:57+00:00
312003,AYSZ,small_airport,"Samanzing Airstrip",-6.4513,147.0673,6042,OC,PG,PG-MPL,Samanzing,0,AYSZ,,SMZ,,,,0,2014-05-25T19:49:41+00:00
302210,SQT,small_airport,"China Strait Airstrip",-10.5627777778,150.690694444,10,OC,PG,PG-MBA,"Samarai Island",0,AYCS,SQT,CHS,,,,0,2014-02-25T01:38:20+00:00
309037,PG-0055,small_airport,"Samban Airstrip",-4.3655,144.0612,42,OC,PG,PG-ESW,"Samban School",0,AYSC,,SMN,,,,0,2014-05-25T20:08:02+00:00
312005,AYSM,small_airport,"Samberigi Airstrip",-6.7193,143.9338,3830,OC,PG,PG-SHM,"Samberigi Mission",0,AYSM,,SGI,,http://en.wikipedia.org/wiki/Samberigi_Airport,,0,2014-05-25T23:22:12+00:00
312012,AYSR,small_airport,"Sangera Airstrip",-3.9678,143.2763,127,OC,PG,PG-ESW,Sangera,0,AYSR,,SGA,,,,0,2014-05-26T15:55:11+00:00
307447,SMH,small_airport,"Sapmanga Airport",-6.075277777779999,146.811111111,2912,OC,PG,PG-MPL,Sapmanga,0,AYSP,SMH,SAG,,,,0,2014-05-26T16:19:43+00:00
309428,TDS,small_airport,"Sasereme Airport",-7.6217,142.868,121,OC,PG,PG-WPD,Sasereme,1,AYSS,TDS,,,http://en.wikipedia.org/wiki/Sasereme_Airport,,0,2014-05-26T16:28:38+00:00
307448,SWG,small_airport,"Satwag Airport",-6.13955555556,147.279166667,4185,OC,PG,PG-MPL,Satwag,0,AYSW,SWG,SWG,,,,0,2014-05-26T16:44:39+00:00
315130,AYSV,small_airport,"Sauren Airport",-5.9701,148.8543,46,OC,PG,PG-WBK,Sauren,0,AYSV,SXW,SAU,,,Souren,0,2015-08-07T14:02:15+00:00
307449,SXH,small_airport,"Sehulea Airport",-9.96452777778,151.161861111,30,OC,PG,PG-MBA,Sehulea,0,AYSL,SXH,SEH,,,,0,2015-08-04T00:46:10+00:00
313471,AYSO,small_airport,"Selbang Airport",-5.315,141.752,5130,OC,PG,PG-WPD,Selbang,0,AYSO,SBC,SEL,,,,0,2014-12-26T23:01:35+00:00
312018,AYSI,small_airport,"Seltamin Airstrip",-5.4122,141.8252,4285,OC,PG,PG-WPD,Seltamin,0,AYSI,,SLT,,,,0,2014-05-26T17:06:03+00:00
307450,PG-0038,small_airport,"Sengapi Airstrip",-5.12583333333,144.323611111,6242,OC,PG,PG-MPM,Sengapi,0,AYSK,SGK,SNI,,http://en.wikipedia.org/w/index.php?title=Sangapi_Airport,Sangapi,0,2014-05-26T17:47:30+00:00
314638,AYSQ,small_airport,"Sepik Plains Airport",-3.8821,143.6734,230,OC,PG,PG-ESW,"Sepik Plains",0,AYSQ,SPV,SPP,,,,0,2015-05-28T22:41:03+00:00
312021,AYSY,small_airport,"Serra Airstrip",-2.9739,141.9297,37,OC,PG,PG-SAN,Serai,0,AYSY,,SER,,,,0,2014-05-26T19:07:07+00:00
312022,AYQS,small_airport,"Sialum Airport",-6.0908,147.5955,170,OC,PG,PG-MPL,Sialum,0,AYQS,SXA,SLU,,,,0,2014-05-26T19:26:14+00:00
314920,SSS,small_airport,"Siassi Airport",-5.5965,147.8106,1250,OC,PG,PG-MPL,Siassi,0,,SSS,SSI,,,"Sema, Semo",0,2015-07-04T22:54:45+00:00
312051,AYZW,small_airport,"Siawi Airstrip",-4.061,141.4197,230,OC,PG,PG-SAN,Siawi,0,AYZW,,SII,,,,0,2014-05-31T15:37:20+00:00
312053,AYZB,small_airport,"Sibilanga Airstrip",-3.4458,142.501,2330,OC,PG,PG-SAN,"Sibilanga Mission",0,AYZB,,SIB,,,,0,2014-05-31T17:17:40+00:00
307114,AYSG,small_airport,"Sila Airport",-9.07355555556,148.38925,2230,OC,PG,PG-NPP,"Sila Mission",0,AYSG,SIL,SILA,,,,0,2012-09-13T11:10:22+00:00
308106,SWR,small_airport,"Silur Airport",-4.5298888888899995,153.054444444,217,OC,PG,PG-NIK,"Silur Mission",0,AYZI,SWR,SLR,,,,0,2014-05-31T17:29:08+00:00
312056,AYXI,small_airport,"Sim Airport",-7.75,146.9273,5460,OC,PG,PG-MPL,Sim,0,AYXI,SMJ,SIM,,,,0,2014-05-31T17:48:57+00:00
307115,AYSJ,small_airport,"Simbai Airport",-5.278611111110001,144.544722222,5804,OC,PG,PG-MPM,Simbai,0,AYSJ,SIM,SAI,,,,0,2012-09-13T11:41:08+00:00
312058,AYQB,small_airport,"Simbari Airstrip",-6.9623,145.6448,3560,OC,PG,PG-EHG,Simbari,0,AYQB,,SBR,,,,0,2014-05-31T18:35:33+00:00
307120,AYSE,small_airport,"Simberi Airport",-2.66222222222,151.997777778,10,OC,PG,PG-NIK,"Simberi Island",0,AYSE,NIS,SBI,,,,0,2012-09-13T12:23:38+00:00
312107,AYQM,small_airport,"Simogu Airstrip",-6.8008,145.7134,4990,OC,PG,PG-EHG,Simogu,0,AYQM,,SMG,,,,0,2014-06-05T00:58:49+00:00
301696,PG-0015,small_airport,"Ande Airstrip",-7.02083333333,145.822222222,5400,OC,PG,PG-EHG,Sindeni,0,AYAD,,ANDE,,,,0,2013-12-10T00:34:10+00:00
312108,AYDY,small_airport,"Sindeni Airstrip",-7.0077,145.7965,5710,OC,PG,PG-EHG,Sindeni,0,AYDY,,SDI,,,,0,2014-06-05T01:36:30+00:00
312111,AYQV,small_airport,"Sinow Airstrip",-3.9925,141.5537,183,OC,PG,PG-SAN,Sinow,0,AYQV,,,,,,0,2014-06-05T01:57:53+00:00
313772,PG-0080,closed,"Awala Airstrip",-9.5487,148.4156,730,OC,PG,PG-NPP,"Sinua Valley",0,,,,,,,0,2015-02-06T22:41:07+00:00
312113,AYSB,small_airport,"Sirebi Airstrip",-7.2196,144.2352,115,OC,PG,PG-GPK,Sirebi,0,AYSB,,,,,,0,2014-06-05T02:27:31+00:00
312115,AYXS,small_airport,"Sisamin Airstrip",-5.1363,142.284,1675,OC,PG,PG-SAN,Sisamin,0,AYXS,,SIS,,,,0,2014-06-05T02:50:06+00:00
307637,SIZ,small_airport,"Sissano Airport",-2.99944444444,142.0445,27,OC,PG,PG-SAN,Sissano,0,AYZN,SIZ,SNO,,,,0,2014-06-05T03:00:58+00:00
307647,SWE,small_airport,"Siwea Airport",-6.284639,147.580833,5960,OC,PG,PG-MPL,Siwea,0,AYEW,SWE,SIW,,,,0,2014-06-05T13:25:42+00:00
312120,AYLZ,small_airport,"Slai Airstrip",-4.0322,143.1831,77,OC,PG,PG-ESW,Slai,0,AYLZ,,SLAI,,,,0,2014-06-05T13:48:04+00:00
312122,AYMY,small_airport,"Smok Airstrip",-3.3158,141.2461,729,OC,PG,PG-SAN,Smok,0,AYMY,,SMOK,,,,0,2014-06-05T14:04:48+00:00
312124,AYPA,small_airport,"Somokopa Airstrip",-7.0838,142.514,489,OC,PG,PG-WPD,Somokopa,0,AYPA,,,,,,0,2014-06-05T14:39:50+00:00
312126,AYZQ,small_airport,"Sopise Airstrip",-6.7887,144.1593,3450,OC,PG,PG-SHM,Sopise,0,AYZQ,,SPS,,,Sopese,0,2014-06-05T15:07:02+00:00
312128,AYQO,small_airport,"Sopu Airport",-8.3038,147.1659,6580,OC,PG,PG-CPM,Sopu,0,AYQO,SPH,SOPU,,,,0,2014-06-05T15:23:46+00:00
314034,SMP,small_airport,"Stockholm Airport",-4.358,151.533,10,OC,PG,PG-EBR,Stockholm,0,,SMP,STK,,,,0,2015-03-13T14:51:20+00:00
312132,AYUS,small_airport,"Suame Airstrip",-8.3684,142.5862,71,OC,PG,PG-WPD,Suame,0,AYUS,,,,,,0,2014-06-06T17:20:58+00:00
307191,TGL,small_airport,"Tagula Airport",-11.3311111111,153.202916667,59,OC,PG,PG-MBA,"Sudest Island",0,AYTG,TGL,TAG,,,,0,2014-06-06T18:19:23+00:00
312134,AYXG,small_airport,"Sugu Airstrip",-6.3907,143.5565,4105,OC,PG,PG-SHM,Sugu,0,AYXG,,SUGU,,,,0,2014-06-06T17:38:43+00:00
312136,AYQW,small_airport,"Sumwari Airstrip",-4.7508,142.3686,465,OC,PG,PG-ESW,Sumwari,0,AYQW,,SMR,,,,0,2014-06-06T17:57:37+00:00
314972,SUZ,closed,"Suria Airport",-9.032,147.45,2600,OC,PG,PG-CPM,Suria,0,,SUZ,SUR,,,,0,2015-07-12T13:32:22+00:00
316418,TBA,closed,"Tabibuga Airport",-5.5766,144.6508,4400,OC,PG,PG-JI,Tabibuga,0,,TBA,,,,,0,2015-11-22T11:06:42+00:00
314791,AYVL,small_airport,"Talasea Airport",-5.2726,150.0089,44,OC,PG,PG-WBK,Talasea,0,AYVL,TLW,TLS,,,,0,2015-06-14T18:36:54+00:00
312139,AYTL,small_airport,"Talbakul Airstrip",-6.3708,144.7167,3500,OC,PG,PG-CPK,Talbakul,0,AYTL,,TLK,,,,0,2014-06-06T18:32:09+00:00
301801,PG-0021,small_airport,"Benaria Airstrip",-6.05888888889,143.033888889,4960,OC,PG,PG-HE,"Tamide Mission",0,,,BNR,,,,0,2014-01-02T14:21:57+00:00
312140,AYTM,small_airport,"Tamo Airstrip",-4.7246,144.1529,140,OC,PG,PG-ESW,Tamo,0,AYTM,,TAMO,,,,0,2014-06-06T18:59:34+00:00
312245,AYTQ,small_airport,"Tapen Airstrip",-5.8545,146.6371,5066,OC,PG,PG-MPL,Tapen,0,AYTQ,,,,,,0,2014-06-21T02:19:48+00:00
307594,AYTI,small_airport,"Tapini Airport",-8.35666666667,146.989166667,3100,OC,PG,PG-CPM,Tapini,1,AYTI,TPI,TAP,,http://en.wikipedia.org/wiki/Tapini_Airport,,0,2012-10-25T14:47:25+00:00
307197,TBQ,small_airport,"Tarabo Airport",-6.46666666667,145.532222222,6100,OC,PG,PG-EHG,Tarabo,0,AYTR,TBQ,TRB,,,,0,2014-06-21T03:04:06+00:00
312249,AYTT,small_airport,"Tarakbits Airport",-5.614,141.0421,281,OC,PG,PG-WPD,Tarakbits,0,AYTT,TRJ,TRT,,,"Tarakpits, Tarabits",0,2014-06-21T03:41:00+00:00
312749,TSK,closed,"Taskul Airport",-2.546,150.4553,100,OC,PG,PG-SAN,Taskul,0,,TSK,,,,,0,2014-08-23T23:30:27+00:00
302531,MPU,small_airport,"Mapua(Mabua) Airport",-2.81138888889,151.991111111,40,OC,PG,PG-NIK,"Tatau Island",0,AYMZ,MPU,MBU,,,,0,2014-09-13T17:33:41+00:00
313146,PG-0078,closed,"Tau Airstrip",-3.6835,142.7187,700,OC,PG,PG-ESW,Tauhimbier,0,,,,,,,0,2014-11-01T14:01:56+00:00
315012,TUT,closed,"Tauta Airport",-5.8335,145.9341,4200,OC,PG,PG-MPM,Tauta,0,,TUT,,,,,0,2015-07-18T14:46:11+00:00
312256,AYTW,small_airport,"Tawa Airport",-7.4463,146.1067,5020,OC,PG,PG-MPL,Tawa,0,AYTW,TWY,TAWA,,,,0,2014-06-21T20:36:39+00:00
312258,AYTZ,small_airport,"Tekadu Airport",-7.6808,146.5503,1310,OC,PG,PG-MPL,Tekadu,0,AYTZ,TKB,TKD,,,,0,2014-06-21T21:39:32+00:00
307593,AYTN,small_airport,"Tekin Airport",-5.24366666667,142.165194444,5785,OC,PG,PG-SAN,Tekin,0,AYTN,TKW,TEK,,,,0,2012-10-25T14:22:26+00:00
309953,AYTP,small_airport,"Tep Tep Airport",-5.9553,146.5595,7011,OC,PG,PG-MPM,Teptep,0,AYTP,TEP,TEP,,,,0,2013-11-14T10:38:49+00:00
302534,TEO,small_airport,"Terapo Airport",-8.16972222222,146.194444444,15,OC,PG,PG-GPK,"Terapo Mission",0,AYTY,TEO,TPO,,,,0,2014-06-25T23:53:42+00:00
309956,TDB,small_airport,"Tetebedi Airport",-9.1586,148.0686,3365,OC,PG,PG-NPP,Tetebedi,0,AYTF,TDB,TEB,,,Tetabedi,0,2014-06-26T00:11:28+00:00
309954,AYTD,small_airport,"Teredau Airport",-7.3205,144.6384,100,OC,PG,PG-GPK,Tetehui,0,AYTD,,,,,,0,2013-11-14T10:59:12+00:00
309430,TFB,small_airport,"Tifalmin Airport",-5.1173,141.419,4735,OC,PG,PG-SAN,Tifalmin,0,AYTH,TFB,TFM,,,,0,2014-06-26T00:23:04+00:00
309377,TBE,small_airport,"Timbunke Airport",-4.196633,143.519222,24,OC,PG,PG-ESW,Timbunke,0,AYTV,TBE,TIM,,,,0,2014-06-26T00:30:59+00:00
309955,TCK,small_airport,"Tinboli Airport",-4.0949,143.3838,59,OC,PG,PG-ESW,Tinboli,0,AYYL,TCK,TOI,,,,0,2014-06-26T00:57:15+00:00
312748,TIG,closed,"Tingwon Airport",-2.6053,149.7107,30,OC,PG,PG-NIK,"Tingwon Island",0,,TIG,,,,,0,2014-08-23T23:19:30+00:00
312297,AYRR,small_airport,"Tiri Airstrip",-6.6815,144.1842,4545,OC,PG,PG-SHM,Tiri,0,AYRR,,TIRI,,,,0,2014-06-26T01:28:09+00:00
312304,AYVB,small_airport,"Tobou Airstrip",-6.4026,147.4223,4732,OC,PG,PG-MPL,Tobou,0,AYVB,,TOB,,,,0,2014-06-26T13:06:33+00:00
312307,AYVO,small_airport,"Tonu Airport",-6.6552,155.4326,300,OC,PG,PG-NSB,Tonu,0,AYVO,TON,TONU,,,,0,2014-06-26T13:41:59+00:00
312309,AYVM,small_airport,"Torembi Airport",-4.0165,143.1329,90,OC,PG,PG-ESW,Torembi,0,AYVM,TCJ,TBI,,,,0,2014-06-26T14:00:27+00:00
316447,TOK,small_airport,"Torokina Airport",-6.2015,155.063,130,OC,PG,PG-NSB,Torokina,0,,TOK,TKN,,,Torakina,0,2015-11-29T23:14:13+00:00
312311,AYDP,small_airport,"Tsendiap Airstrip",-5.3599,144.4462,1565,OC,PG,PG-JI,Tsendiap,0,AYDP,,TNP,,,,0,2014-06-26T14:26:17+00:00
312313,AYTS,small_airport,"Tsewi Airport",-7.0695,146.1272,4185,OC,PG,PG-MPL,Tsewi,0,AYTS,TSW,TSE,,,,0,2014-06-26T14:42:40+00:00
316424,TSI,small_airport,"Tsile Tsile Airport",-6.8498,146.3554,500,OC,PG,PG-MPL,"Tsile Tsile",0,,TSI,TSL,,,,0,2015-11-22T23:30:34+00:00
312316,AYQU,small_airport,"Tsumba Airstrip",-4.6581,144.6082,89,OC,PG,PG-MPM,"Tsumba Mission",0,AYQU,,TSU,,,,0,2014-06-26T15:04:45+00:00
307239,TLP,small_airport,"Tumolbil Airport",-4.7748,141.0133,3590,OC,PG,PG-SAN,Tumolbil,0,AYQL,TLP,TUM,,,,0,2014-06-26T15:39:43+00:00
312319,AYUV,small_airport,"Tuvau Airstrip",-6.6025,145.8372,5300,OC,PG,PG-GPK,Tuvau,0,AYUV,,TUV,,,,0,2014-06-26T15:58:42+00:00
312334,AYUC,small_airport,"Umba Airport",-7.0214,145.966,5950,OC,PG,PG-MPL,Umba,0,AYUC,UMC,UMBA,,,,0,2014-07-01T01:10:31+00:00
312336,AYUR,small_airport,"Upiara Airport",-8.5411,142.6503,52,OC,PG,PG-WPD,Upiara,0,AYUR,UPR,UPA,,,,0,2014-07-01T01:29:12+00:00
312379,AYUE,small_airport,"Uroubi Airport",-9.5162,148.5591,481,OC,PG,PG-NPP,Uroubi,0,AYUE,URU,URO,,,,0,2014-07-06T11:56:07+00:00
312381,AYUX,small_airport,"Usarumpia Airstrip",-6.9858,145.8102,5820,OC,PG,PG-EHG,Usarumpia,0,AYUX,,URP,,,,0,2014-07-06T12:49:45+00:00
316934,USO,closed,"Usino Airport",-5.5276,145.371,430,OC,PG,PG-MPM,Usino,0,,USO,,,,Usini,0,2016-02-05T03:09:28+00:00
312384,ATUA,small_airport,"Utai Airstrip",-3.386,141.5868,707,OC,PG,PG-SAN,Utai,0,ATUA,,UTAI,,,,0,2014-07-06T14:00:28+00:00
312385,AYUA,small_airport,"Utai Airstrip",-3.386,141.5868,707,OC,PG,PG-SAN,Utai,0,AYUA,,UTAI,,,,0,2014-07-06T13:56:26+00:00
312427,AYUZ,small_airport,"Uvol Airport",-6.0178,150.9557,15,OC,PG,PG-EBR,Uvol,0,AYUZ,UVO,UVOL,,,,0,2014-07-10T16:30:37+00:00
307240,VIV,small_airport,"Vivigani Airfield",-9.30333333333,150.318888889,117,OC,PG,PG-MBA,Vivigani,0,,VIV,VIV,,http://en.wikipedia.org/wiki/Vivigani_Airfield,,0,2012-09-23T16:09:03+00:00
310572,AYUG,small_airport,"Brugam Airstrip",-3.6381,142.8379,595,OC,PG,PG-ESW,Wa'ahun,0,AYUG,,BRG,,,,0,2014-01-08T00:40:14+00:00
314297,WAB,closed,"Wabag Airport",-5.4915,143.72,6800,OC,PG,PG-EPW,Wabag,0,,WAB,,,,,0,2015-04-10T15:18:46+00:00
307286,AYWB,small_airport,"Wabo Airport",-6.98944444444,145.075111111,132,OC,PG,PG-GPK,Wabo,0,AYWB,WAO,WABO,,,,0,2012-09-27T00:54:00+00:00
316477,WGU,closed,"Wagau Airport",-6.8519,146.8022,3853,OC,PG,PG-MPL,Wagau,0,,WGU,,,,,0,2015-12-05T11:22:00+00:00
320097,AYWQ,small_airport,"Wakunai Airport",-5.8603,155.2223,20,OC,PG,PG-EBR,Wakunai,0,AYWQ,WKN,WAI,,,,0,2016-09-04T21:37:27+00:00
307355,WTT,small_airport,"Wantoat Airport",-6.1325,146.467777778,3900,OC,PG,PG-MPL,Wantoat,0,AYWC,WTT,WNT,,,Wontoat,0,2014-03-18T23:56:23+00:00
309968,WNU,small_airport,"Wanuma Airport",-4.8961,145.3213,2260,OC,PG,PG-MPM,Wanuma,0,AYWH,WNU,WUA,,,,0,2014-10-30T19:29:59+00:00
309969,WBC,small_airport,"Wapolu Airport",-9.3376,150.5093,45,OC,PG,PG-MBA,Wapolu,0,AYWJ,WBC,WPL,,,,0,2014-10-30T19:21:46+00:00
313135,AYWV,small_airport,"Warasai Airstrip",-4.012,142.51,150,OC,PG,PG-SAN,Warasai,0,AYWV,,WSI,,,,0,2014-10-30T13:19:40+00:00
307291,AYWS,small_airport,"Wasu Airport",-5.96170944919,147.19822526,34,OC,PG,PG-MPL,Wasu,0,AYWS,WSU,WASU,,,,0,2012-09-27T12:02:07+00:00
309970,WSA,small_airport,"Wasua Airport",-8.2836,142.8697,45,OC,PG,PG-WPD,Wasua,0,AYIW,WSA,WAA,,,,0,2014-10-30T13:43:53+00:00
315022,AYZM,small_airport,"Wasum Airport",-6.0491,149.337,175,OC,PG,PG-WBK,Wasum,0,AYZM,WUM,WSM,,,,0,2015-07-19T13:48:44+00:00
307290,AYWU,small_airport,"Wau Airport",-7.345555555560001,146.718611111,3600,OC,PG,PG-SAN,Wau,0,AYWU,WUG,WAU,,"http://en.wikipedia.org/wiki/Wau_Airport,_Papua_New_Guinea",,0,2012-09-27T11:07:30+00:00
316464,AYWF,small_airport,"Wawoi Falls Airport",-6.9523,142.6557,370,OC,PG,PG-WPD,"Wavoi Falls",0,AYWF,WAJ,WWF,,,"Wavwoi Falls",0,2015-12-04T12:11:07+00:00
316476,AYXW,small_airport,"Weam Airport",-8.6184,141.1381,50,OC,PG,PG-WPD,Weam,0,AYXW,WEP,WEAM,,,,0,2015-12-05T09:47:49+00:00
316467,WED,small_airport,"Wedau Airport",-10.0954,150.0826,90,OC,PG,PG-MBA,Wedau,0,,WED,WDU,,,,0,2015-12-04T23:23:08+00:00
307586,AYWO,small_airport,"Wonenara Airport",-6.796861111110001,145.891944444,5028,OC,PG,PG-EHG,Wonenara,0,AYWO,WOA,WOA,,,,0,2012-10-24T00:01:01+00:00
307735,GAZ,small_airport,"Guasopa Airport",-9.225918,152.944352,10,OC,PG,PG-MBA,"Woodlark (Muyua) Island",0,AYGJ,GAZ,GPA,,http://en.wikipedia.org/wiki/Guasopa_Airport,"Woodlark Airfield, Narewa Airfield",0,2014-03-25T01:50:53+00:00
312435,AYVP,small_airport,"Woposali Airstrip",-6.6577,144.2974,2009,OC,PG,PG-SHM,Woposali,0,AYVP,,WOS,,,Wopasali,0,2014-07-10T21:58:28+00:00
312437,AYBX,small_airport,"Wowobo Airstrip",-7.3405,144.5477,74,OC,PG,PG-GPK,Wowobo,0,AYBX,,WWB,,,,0,2014-07-10T22:26:09+00:00
307311,WUV,small_airport,"Wuvulu Island Airport",-1.73611111111,142.836666667,16,OC,PG,PG-MRL,"Wuvulu Island",0,AYVW,WUV,WUV,,,,0,2014-03-18T23:47:41+00:00
312444,AYBY,small_airport,"Wuyabo Airstrip",-6.8378,145.8732,6400,OC,PG,PG-EHG,Wuyabo,0,AYBY,,WUO,,,,0,2014-07-11T23:50:45+00:00
312446,AYYQ,small_airport,"Yagrombok Airstrip",-3.585,142.6285,1509,OC,PG,PG-ESW,Yagrombok,0,AYYQ,,YMK,,,Yagrumbok,0,2014-07-12T03:25:23+00:00
313341,AYYE,small_airport,"Yalumet Airport",-6.09,147.0117,2600,OC,PG,PG-MPL,Yalumet,0,AYYE,KYX,YLT,,,,0,2014-12-07T03:32:12+00:00
316539,AYYJ,small_airport,"Yanungen Airstrip",-3.4574,142.54,1880,OC,PG,PG-SAN,Yanungen,0,AYYJ,,YGN,,,,0,2015-12-12T19:44:04+00:00
315176,PG-0087,closed,"Yassip Airstrip",-3.512,142.702,1630,OC,PG,PG-ESW,"Yassip Mission",0,,,,,,,0,2015-08-14T22:39:40+00:00
312469,AYYR,small_airport,"Yasuru Airport",-6.6015,146.1813,1520,OC,PG,PG-MPL,Yasuru,1,AYYR,KSX,YAS,,,,0,2014-07-16T01:09:02+00:00
312478,AYYD,small_airport,"Yatoam Airstrip",-5.0949,142.3846,2060,OC,PG,PG-HE,Yatoam,0,AYYD,,,,,,0,2014-07-17T02:25:19+00:00
312480,AYYV,small_airport,"Yawa Airstrip",-4.1003,142.1351,120,OC,PG,PG-ESW,Yawa,0,AYYV,,YAWA,,,,0,2014-07-17T02:48:35+00:00
312486,AYYW,small_airport,"Yawan Airstrip",-6.1339,146.8438,4870,OC,PG,PG-MPL,Yawan,0,AYYW,,YWN,,,,0,2014-07-17T12:22:29+00:00
312483,AYXY,small_airport,"Yebil Airstrip",-3.4625,141.9559,1400,OC,PG,PG-SAN,Yebil,0,AYXY,,YBL,,,,0,2014-07-17T11:14:40+00:00
312494,PG-0072,small_airport,"Yehebi Airstrip",-6.3928,142.2661,335,OC,PG,PG-WPD,Yehebi,0,AYXH,,YEH,,,,0,2015-04-11T16:52:00+00:00
308012,AYED,small_airport,"Edwaki Airport",-3.883986,141.792234,190,OC,PG,PG-SAN,"Yellow River Mission",0,AYED,XYR,EWK,,,,0,2012-11-21T01:09:06+00:00
312500,AYYG,small_airport,"Yemin Airstrip",-3.967,142.2912,230,OC,PG,PG-SAN,Yemin,0,AYYG,,YMN,,,,0,2014-07-18T17:13:33+00:00
311042,AYXE,small_airport,"Yeva Airport",-7.548,146.188,4510,OC,PG,PG-MPL,Yeva,0,AYXE,YVD,YEVA,,,,0,2014-02-20T15:30:49+00:00
312497,AYYI,small_airport,"Yili Airstrip",-3.5322,142.1645,1500,OC,PG,PG-SAN,Yili,0,AYYI,,YILI,,,,0,2014-07-18T15:45:18+00:00
312499,AYZY,small_airport,"Yilui Airstrip",-3.9292,142.2045,265,OC,PG,PG-SAN,Yilui,0,AYZY,,YLU,,,,0,2014-07-18T15:54:32+00:00
311796,AYYN,small_airport,"Yimnalem Airstrip",-5.1441,144.5956,4800,OC,PG,PG-MPM,Yimnalem,0,AYYN,,YML,,,Yimnalen,0,2014-04-27T04:44:38+00:00
315175,PG-0086,closed,"Yinugen Airstrip",-3.457,142.54,1860,OC,PG,PG-SAN,Yinugen,0,,,,,,,0,2015-08-14T21:43:18+00:00
311798,AYJE,small_airport,"Yomneri Airstrip",-5.237,144.6007,6100,OC,PG,PG-MPM,Yomneri,0,AYJE,,,,,,0,2014-04-27T05:24:06+00:00
311794,AYJO,small_airport,"Yongai Airport",-8.5289,147.4603,6500,OC,PG,PG-CPM,Yongai,0,AYJO,KGH,YON,,,,0,2014-04-27T04:11:39+00:00
46169,RKU,small_airport,"Kairuku Airport",-8.817000054,146.5243833,45,OC,PG,PG-CPM,"Yule Island",0,AYRK,RKU,KKU,,,,0,2015-02-07T21:50:50+00:00
307352,ZEN,small_airport,"Zenag Airport",-6.9522222222200005,146.61625,3200,OC,PG,PG-MPL,Zenag,0,AYZA,ZEN,ZEN,,,"Zenang,",0,2014-04-27T03:35:07+00:00
311791,AYZZ,small_airport,"Zuebak Airstrip",-6.3088,146.5568,3560,OC,PG,PG-MPL,Zuebak,0,AYZZ,,ZBK,,,Zueibak,0,2014-04-27T03:05:21+00:00
